case,revision,repeat,operation,role,entry_ms,exit_ms,span_start_ms,span_end_ms,execution_ms,span_ms,epsilon_us
as_completed_generator,fixed,0,op-0,execution,0.162802,2.615047,,,2.452236,,4.948
as_completed_generator,fixed,0,op-1,execution,0.176713,2.626084,,,2.449381,,4.948
as_completed_generator,fixed,0,op-2,execution,0.125216,2.584412,,,2.459105,,4.948
as_completed_generator,fixed,1,op-0,execution,0.167709,5.673179,,,5.50548,,5.468
as_completed_generator,fixed,1,op-1,execution,0.181039,5.682893,,,5.501854,,5.468
as_completed_generator,fixed,1,op-2,execution,0.130785,5.641933,,,5.511108,,5.468
as_completed_generator,fixed,2,op-0,execution,0.265916,10.819967,,,10.554031,,6.25
as_completed_generator,fixed,2,op-1,execution,0.278254,10.829351,,,10.551087,,6.25
as_completed_generator,fixed,2,op-2,execution,0.224564,10.782952,,,10.558779,,6.25
as_completed_generator,fixed,3,op-0,execution,0.166698,2.639036,,,2.472318,,6.67
as_completed_generator,fixed,3,op-1,execution,0.182461,2.651023,,,2.468572,,6.67
as_completed_generator,fixed,3,op-2,execution,0.129843,2.607959,,,2.478127,,6.67
as_completed_generator,fixed,4,op-0,execution,0.234669,5.931897,,,5.697269,,4.828
as_completed_generator,fixed,4,op-1,execution,0.240748,5.941943,,,5.701215,,4.828
as_completed_generator,fixed,4,op-2,execution,0.183083,5.786441,,,5.603699,,4.828
as_completed_generator,fixed,5,op-0,execution,0.172828,10.680617,,,10.507839,,4.066
as_completed_generator,fixed,5,op-1,execution,0.185286,10.691172,,,10.505907,,4.066
as_completed_generator,fixed,5,op-2,execution,0.13441,10.646165,,,10.511765,,4.066
as_completed_generator,fixed,6,op-0,execution,0.179066,2.639415,,,2.460349,,5.008
as_completed_generator,fixed,6,op-1,execution,0.190723,2.647507,,,2.456824,,5.008
as_completed_generator,fixed,6,op-2,execution,0.137565,2.606597,,,2.469012,,5.008
as_completed_generator,fixed,7,op-0,execution,0.171465,5.645076,,,5.473581,,5.95
as_completed_generator,fixed,7,op-1,execution,0.184354,5.65451,,,5.470135,,5.95
as_completed_generator,fixed,7,op-2,execution,0.132347,5.611186,,,5.478919,,5.95
as_completed_generator,fixed,8,op-0,execution,0.159547,10.609671,,,10.450094,,4.246
as_completed_generator,fixed,8,op-1,execution,0.173478,10.621017,,,10.44756,,4.246
as_completed_generator,fixed,8,op-2,execution,0.124175,10.577954,,,10.453849,,4.246
as_completed_generator,fixed,9,op-0,execution,0.197374,2.641711,,,2.444287,,5.168
as_completed_generator,fixed,9,op-1,execution,0.212556,2.651655,,,2.439119,,5.168
as_completed_generator,fixed,9,op-2,execution,0.156773,2.611835,,,2.454973,,5.168
as_completed_generator,fixed,10,op-0,execution,0.155752,5.576926,,,5.421155,,5.848
as_completed_generator,fixed,10,op-1,execution,0.169893,5.588894,,,5.419001,,5.848
as_completed_generator,fixed,10,op-2,execution,0.120899,5.545359,,,5.424529,,5.848
as_completed_generator,fixed,11,op-0,execution,0.171836,10.668487,,,10.496681,,4.568
as_completed_generator,fixed,11,op-1,execution,0.185125,10.679924,,,10.49481,,4.568
as_completed_generator,fixed,11,op-2,execution,0.13488,10.635097,,,10.500237,,4.568
as_completed_generator,fixed,12,op-0,execution,0.189312,2.674939,,,2.485597,,31.406
as_completed_generator,fixed,12,op-1,execution,0.20139,2.68266,,,2.48126,,31.406
as_completed_generator,fixed,12,op-2,execution,0.145967,2.641619,,,2.495662,,31.406
as_completed_generator,fixed,13,op-0,execution,0.173629,5.632388,,,5.45877,,4.428
as_completed_generator,fixed,13,op-1,execution,0.188751,5.645238,,,5.456527,,4.428
as_completed_generator,fixed,13,op-2,execution,0.136032,5.598567,,,5.462526,,4.428
as_completed_generator,fixed,14,op-0,execution,0.159658,10.59581,,,10.436143,,45.486
as_completed_generator,fixed,14,op-1,execution,0.173618,10.607378,,,10.43377,,45.486
as_completed_generator,fixed,14,op-2,execution,0.122602,10.563782,,,10.441211,,45.486
as_completed_generator,fixed,15,op-0,execution,0.169002,2.629762,,,2.46071,,4.146
as_completed_generator,fixed,15,op-1,execution,0.183002,2.641228,,,2.458196,,4.146
as_completed_generator,fixed,15,op-2,execution,0.129863,2.597543,,,2.467691,,4.146
as_completed_generator,fixed,16,op-0,execution,0.165546,5.66752,,,5.501964,,4.128
as_completed_generator,fixed,16,op-1,execution,0.178255,5.678286,,,5.500051,,4.128
as_completed_generator,fixed,16,op-2,execution,0.128431,5.634691,,,5.50634,,4.128
as_completed_generator,fixed,17,op-0,execution,0.270653,10.755084,,,10.484422,,5.948
as_completed_generator,fixed,17,op-1,execution,0.279366,10.760713,,,10.481317,,5.948
as_completed_generator,fixed,17,op-2,execution,0.223152,10.714624,,,10.491613,,5.948
as_completed_generator,fixed,18,op-0,execution,0.171806,2.625154,,,2.453348,,4.746
as_completed_generator,fixed,18,op-1,execution,0.190243,2.635339,,,2.445056,,4.746
as_completed_generator,fixed,18,op-2,execution,0.135011,2.593627,,,2.458907,,4.746
as_completed_generator,fixed,19,op-0,execution,0.185316,5.633891,,,5.448555,,4.328
as_completed_generator,fixed,19,op-1,execution,0.198856,5.643345,,,5.444509,,4.328
as_completed_generator,fixed,19,op-2,execution,0.149151,5.602854,,,5.453732,,4.328
as_completed_generator,local-shape-fix,0,op-0,execution,0.186758,2.745695,0.178936,2.785063,2.558957,2.606127,4.286
as_completed_generator,local-shape-fix,0,op-1,execution,0.224344,2.82314,0.219597,2.847386,2.598776,2.627789,4.286
as_completed_generator,local-shape-fix,0,op-2,execution,0.249952,2.867316,0.247238,2.91018,2.617364,2.662942,4.286
as_completed_generator,local-shape-fix,1,op-0,execution,0.172297,5.704556,0.165056,5.748541,5.532359,5.583485,3.966
as_completed_generator,local-shape-fix,1,op-1,execution,0.211215,5.789122,0.206528,5.81446,5.577907,5.607932,3.966
as_completed_generator,local-shape-fix,1,op-2,execution,0.238505,5.838024,0.2356,5.862501,5.599569,5.626901,3.966
as_completed_generator,local-shape-fix,2,op-0,execution,0.185496,10.824803,0.178386,10.882689,10.639467,10.704303,4.668
as_completed_generator,local-shape-fix,2,op-1,execution,0.225295,10.962627,0.220388,11.063768,10.737333,10.84338,4.668
as_completed_generator,local-shape-fix,2,op-2,execution,0.250222,11.100563,0.247438,11.130067,10.8504,10.882629,4.668
as_completed_generator,local-shape-fix,3,op-0,execution,0.17511,2.6893,0.167329,2.738423,2.5143,2.571094,4.488
as_completed_generator,local-shape-fix,3,op-1,execution,0.217744,2.775839,0.212987,2.799625,2.558115,2.586638,4.488
as_completed_generator,local-shape-fix,3,op-2,execution,0.243983,2.820095,0.241269,2.840866,2.576132,2.599597,4.488
as_completed_generator,local-shape-fix,4,op-0,execution,0.164805,5.662793,0.157454,5.699308,5.498109,5.541854,4.908
as_completed_generator,local-shape-fix,4,op-1,execution,0.204034,5.73404,0.199147,5.757936,5.529966,5.558789,4.908
as_completed_generator,local-shape-fix,4,op-2,execution,0.229682,5.777745,0.226938,5.799838,5.548073,5.5729,4.908
as_completed_generator,local-shape-fix,5,op-0,execution,0.185526,10.720963,0.177624,10.77285,10.535517,10.595226,6.19
as_completed_generator,local-shape-fix,5,op-1,execution,0.226356,10.817696,0.221739,10.842243,10.59131,10.620504,6.19
as_completed_generator,local-shape-fix,5,op-2,execution,0.253527,10.881973,0.250883,10.90718,10.628475,10.656297,6.19
as_completed_generator,local-shape-fix,6,op-0,execution,0.170733,2.652545,0.162842,2.691272,2.481921,2.52843,4.006
as_completed_generator,local-shape-fix,6,op-1,execution,0.210883,2.728588,0.205966,2.752313,2.517704,2.546347,4.006
as_completed_generator,local-shape-fix,6,op-2,execution,0.238926,2.772844,0.236222,2.795288,2.533899,2.559066,4.006
as_completed_generator,local-shape-fix,7,op-0,execution,0.209312,5.739507,0.198445,5.786266,5.530265,5.587821,4.748
as_completed_generator,local-shape-fix,7,op-1,execution,0.25559,5.828599,0.250583,5.853255,5.573059,5.602672,4.748
as_completed_generator,local-shape-fix,7,op-2,execution,0.281609,5.873116,0.279035,5.895719,5.591557,5.616684,4.748
as_completed_generator,local-shape-fix,8,op-0,execution,0.345864,10.922666,0.337502,10.967142,10.576902,10.62964,4.006
as_completed_generator,local-shape-fix,8,op-1,execution,0.388257,11.008364,0.38309,11.033391,10.620077,10.650301,4.006
as_completed_generator,local-shape-fix,8,op-2,execution,0.415137,11.054001,0.412363,11.077196,10.638875,10.664833,4.006
as_completed_generator,local-shape-fix,9,op-0,execution,0.207719,2.807256,0.199437,2.84368,2.599486,2.644243,5.268
as_completed_generator,local-shape-fix,9,op-1,execution,0.254749,2.882759,0.244614,2.906624,2.62807,2.66201,5.268
as_completed_generator,local-shape-fix,9,op-2,execution,0.36312,2.928687,0.358994,2.952072,2.565526,2.593078,5.268
as_completed_generator,local-shape-fix,10,op-0,execution,0.538271,6.062779,0.529237,6.106233,5.524548,5.576996,51.556
as_completed_generator,local-shape-fix,10,op-1,execution,0.581205,6.147955,0.576147,6.172402,5.56676,5.596255,51.556
as_completed_generator,local-shape-fix,10,op-2,execution,0.602766,6.188065,0.599972,6.211349,5.585329,5.611377,51.556
as_completed_generator,local-shape-fix,11,op-0,execution,0.177715,10.676282,0.170714,10.714178,10.498547,10.543464,4.066
as_completed_generator,local-shape-fix,11,op-1,execution,0.217324,10.754969,0.212326,10.80314,10.537685,10.590814,4.066
as_completed_generator,local-shape-fix,11,op-2,execution,0.241189,10.824502,0.238575,10.847666,10.583353,10.609091,4.066
as_completed_generator,local-shape-fix,12,op-0,execution,0.165667,2.66874,0.158486,2.704033,2.503073,2.545547,4.268
as_completed_generator,local-shape-fix,12,op-1,execution,0.23535,2.741107,0.229411,2.765263,2.505677,2.535852,4.268
as_completed_generator,local-shape-fix,12,op-2,execution,0.26188,2.785984,0.259136,2.808348,2.524134,2.549212,4.268
as_completed_generator,local-shape-fix,13,op-0,execution,0.18166,5.737695,0.17462,5.785426,5.556164,5.610806,4.226
as_completed_generator,local-shape-fix,13,op-1,execution,0.222421,5.828169,0.217314,5.854619,5.605699,5.637305,4.226
as_completed_generator,local-shape-fix,13,op-2,execution,0.248369,5.876822,0.245716,5.900467,5.628442,5.654751,4.226
as_completed_generator,local-shape-fix,14,op-0,execution,0.164695,10.705713,0.157914,10.752493,10.541179,10.594579,4.386
as_completed_generator,local-shape-fix,14,op-1,execution,0.203774,10.794446,0.198756,10.819744,10.590632,10.620988,4.386
as_completed_generator,local-shape-fix,14,op-2,execution,0.228249,10.842057,0.225595,10.865461,10.613797,10.639866,4.386
as_completed_generator,local-shape-fix,15,op-0,execution,0.194169,2.65556,0.186458,2.690873,2.461371,2.504415,88.712
as_completed_generator,local-shape-fix,15,op-1,execution,0.237453,2.726115,0.231965,2.750762,2.488641,2.518797,88.712
as_completed_generator,local-shape-fix,15,op-2,execution,0.264353,2.773455,0.261589,2.796269,2.509132,2.53468,88.712
as_completed_generator,local-shape-fix,16,op-0,execution,0.17512,5.693208,0.167349,5.735641,5.518098,5.568292,3.986
as_completed_generator,local-shape-fix,16,op-1,execution,0.245956,5.775731,0.238815,5.800678,5.529735,5.561863,3.986
as_completed_generator,local-shape-fix,16,op-2,execution,0.273788,5.822802,0.270833,5.845435,5.548994,5.574602,3.986
as_completed_generator,local-shape-fix,17,op-0,execution,0.178235,10.703437,0.170774,10.78591,10.525252,10.615136,18.788
as_completed_generator,local-shape-fix,17,op-1,execution,0.218505,10.830907,0.213347,10.855744,10.612452,10.642397,18.788
as_completed_generator,local-shape-fix,17,op-2,execution,0.246176,10.878387,0.243432,10.900009,10.632231,10.656577,18.788
as_completed_generator,local-shape-fix,18,op-0,execution,0.240307,2.795677,0.230843,2.840123,2.555321,2.60928,3.786
as_completed_generator,local-shape-fix,18,op-1,execution,0.28889,2.883258,0.283171,2.908215,2.594388,2.625044,3.786
as_completed_generator,local-shape-fix,18,op-2,execution,0.316421,2.929487,0.313737,2.952722,2.613066,2.638985,3.786
as_completed_generator,local-shape-fix,19,op-0,execution,0.17508,5.715881,0.166928,5.759296,5.540802,5.592368,4.146
as_completed_generator,local-shape-fix,19,op-1,execution,0.21544,5.80257,0.210543,5.826877,5.587131,5.616334,4.146
as_completed_generator,local-shape-fix,19,op-2,execution,0.241079,5.848329,0.238405,5.872515,5.60727,5.63411,4.146
as_completed_list,fixed,0,op-0,execution,0.169813,2.67716,0.162622,2.711691,2.507367,2.549069,4.166
as_completed_list,fixed,0,op-1,execution,0.207839,2.747675,0.203002,2.771069,2.539806,2.568067,4.166
as_completed_list,fixed,0,op-2,execution,0.233467,2.791229,0.230783,2.814213,2.557782,2.58343,4.166
as_completed_list,fixed,1,op-0,execution,0.217554,5.673186,0.209762,5.716291,5.455763,5.506529,3.806
as_completed_list,fixed,1,op-1,execution,0.232165,5.734688,0.227188,5.758944,5.502522,5.531756,3.806
as_completed_list,fixed,1,op-2,execution,0.258104,5.778413,0.25535,6.054374,5.520309,5.799024,3.806
as_completed_list,fixed,2,op-0,execution,0.18818,10.842,0.179958,10.901368,10.65428,10.72141,7.55
as_completed_list,fixed,2,op-1,execution,0.227068,10.953556,0.222051,10.979705,10.726458,10.757654,7.55
as_completed_list,fixed,2,op-2,execution,0.252175,11.003279,0.249691,11.030009,10.751135,10.780318,7.55
as_completed_list,fixed,3,op-0,execution,0.226978,2.896339,0.215921,2.949267,2.669331,2.733346,4.368
as_completed_list,fixed,3,op-1,execution,0.280748,3.001876,0.275079,3.032531,2.721168,2.757452,4.368
as_completed_list,fixed,3,op-2,execution,0.311383,3.058319,0.308138,3.089225,2.746956,2.781087,4.368
as_completed_list,fixed,4,op-0,execution,0.191155,5.730723,0.183433,5.778555,5.539689,5.595122,4.066
as_completed_list,fixed,4,op-1,execution,0.229762,5.823111,0.224815,5.848989,5.593339,5.624174,4.066
as_completed_list,fixed,4,op-2,execution,0.253797,5.87013,0.251234,5.894506,5.616343,5.643272,4.066
as_completed_list,fixed,5,op-0,execution,0.211445,10.733556,0.202432,10.782098,10.522091,10.579666,4.246
as_completed_list,fixed,5,op-1,execution,0.254469,10.827105,0.249832,10.853203,10.572656,10.603371,4.246
as_completed_list,fixed,5,op-2,execution,0.280277,10.874284,0.277633,10.896718,10.594018,10.619085,4.246
as_completed_list,fixed,6,op-0,execution,0.157875,2.611844,0.151485,2.648579,2.454,2.497094,3.746
as_completed_list,fixed,6,op-1,execution,0.196813,2.683091,0.192066,2.746625,2.486278,2.554559,3.746
as_completed_list,fixed,6,op-2,execution,0.223141,2.773575,0.220568,2.79719,2.550493,2.576622,3.746
as_completed_list,fixed,7,op-0,execution,0.254218,5.859886,0.240768,5.914196,5.605647,5.673428,4.166
as_completed_list,fixed,7,op-1,execution,0.30933,5.959744,0.303361,5.98394,5.650354,5.680579,4.166
as_completed_list,fixed,7,op-2,execution,0.336851,6.006133,0.333816,6.029858,5.669332,5.696042,4.166
as_completed_list,fixed,8,op-0,execution,0.184004,10.720115,0.175391,10.775597,10.536441,10.600206,24.256
as_completed_list,fixed,8,op-1,execution,0.227729,10.827104,0.223042,10.87173,10.599385,10.648688,24.256
as_completed_list,fixed,8,op-2,execution,0.253788,10.898641,0.251184,10.924399,10.644863,10.673215,24.256
as_completed_list,fixed,9,op-0,execution,0.286145,2.973704,0.274208,3.031099,2.687628,2.756891,3.706
as_completed_list,fixed,9,op-1,execution,0.344322,3.088805,0.337272,3.12589,2.744664,2.788618,3.706
as_completed_list,fixed,9,op-2,execution,0.377712,3.184087,0.374117,3.217988,2.806446,2.843871,3.706
as_completed_list,fixed,10,op-0,execution,0.167609,5.66053,0.159507,5.769913,5.493221,5.610406,5.608
as_completed_list,fixed,10,op-1,execution,0.20787,5.816212,0.202752,5.845646,5.608352,5.642894,5.608
as_completed_list,fixed,10,op-2,execution,0.233327,5.86881,0.230292,5.896391,5.635523,5.666099,5.608
as_completed_list,fixed,11,op-0,execution,0.163343,10.776598,0.156313,10.81817,10.613266,10.661857,4.566
as_completed_list,fixed,11,op-1,execution,0.272826,10.854354,0.266586,10.880182,10.581498,10.613596,4.566
as_completed_list,fixed,11,op-2,execution,0.303962,10.900573,0.300988,10.924548,10.596651,10.62356,4.566
as_completed_list,fixed,12,op-0,execution,0.171655,2.628698,0.164574,2.664271,2.457063,2.499697,3.826
as_completed_list,fixed,12,op-1,execution,0.210473,2.698021,0.205996,2.72403,2.487508,2.518034,3.826
as_completed_list,fixed,12,op-2,execution,0.233527,2.765351,0.230753,2.787344,2.531814,2.556591,3.826
as_completed_list,fixed,13,op-0,execution,0.192647,5.709713,0.184224,5.755201,5.517207,5.570977,5.988
as_completed_list,fixed,13,op-1,execution,0.233768,5.796092,0.229061,5.822731,5.562304,5.59367,5.988
as_completed_list,fixed,13,op-2,execution,0.257963,5.844533,0.2555,5.868419,5.58661,5.612919,5.988
as_completed_list,fixed,14,op-0,execution,0.172747,10.705323,0.164594,10.750159,10.532596,10.585565,13.098
as_completed_list,fixed,14,op-1,execution,0.213347,10.792162,0.2087,10.816528,10.578825,10.607828,13.098
as_completed_list,fixed,14,op-2,execution,0.238234,10.839032,0.23551,10.862126,10.600848,10.626616,13.098
as_completed_list,fixed,15,op-0,execution,0.167469,2.695019,0.160399,2.732024,2.527559,2.571625,3.646
as_completed_list,fixed,15,op-1,execution,0.207549,2.769169,0.202451,2.793896,2.56189,2.591445,3.646
as_completed_list,fixed,15,op-2,execution,0.233647,2.815528,0.230863,2.838312,2.581931,2.607449,3.646
as_completed_list,fixed,16,op-0,execution,0.220258,5.887748,0.210103,5.927568,5.667481,5.717465,4.128
as_completed_list,fixed,16,op-1,execution,0.259776,5.96971,0.254859,5.995628,5.709943,5.740769,4.128
as_completed_list,fixed,16,op-2,execution,0.286326,6.017731,0.283562,6.042017,5.731385,5.758455,4.128
as_completed_list,fixed,17,op-0,execution,0.174319,10.714304,0.167109,10.763827,10.540024,10.596718,8.252
as_completed_list,fixed,17,op-1,execution,0.21558,10.808433,0.210192,10.833941,10.592793,10.623749,8.252
as_completed_list,fixed,17,op-2,execution,0.241048,10.860661,0.238334,10.883404,10.619633,10.64507,8.252
as_completed_list,fixed,18,op-0,execution,0.181149,2.725513,0.172646,2.760806,2.544414,2.58816,8.112
as_completed_list,fixed,18,op-1,execution,0.220578,2.79755,0.215671,2.821496,2.576963,2.605825,8.112
as_completed_list,fixed,18,op-2,execution,0.245506,2.841196,0.242761,2.887144,2.59569,2.644383,8.112
as_completed_list,fixed,19,op-0,execution,0.178695,5.665618,0.170864,5.70767,5.486972,5.536806,5.608
as_completed_list,fixed,19,op-1,execution,0.218215,5.749002,0.213387,5.773829,5.530837,5.560442,5.608
as_completed_list,fixed,19,op-2,execution,0.242201,5.79418,0.239657,5.817194,5.552019,5.577537,5.608
as_completed_list,local-shape-fix,0,op-0,execution,0.175511,2.704233,0.168541,2.74251,2.528722,2.573969,3.326
as_completed_list,local-shape-fix,0,op-1,execution,0.214309,2.778283,0.209301,2.801968,2.563974,2.592667,3.326
as_completed_list,local-shape-fix,0,op-2,execution,0.270272,2.822248,0.266146,2.845122,2.551966,2.578976,3.326
as_completed_list,local-shape-fix,1,op-0,execution,0.177775,5.717025,0.170284,5.758507,5.539491,5.588223,5.428
as_completed_list,local-shape-fix,1,op-1,execution,0.217283,5.797784,0.212816,5.851695,5.580452,5.638879,5.428
as_completed_list,local-shape-fix,1,op-2,execution,0.244113,5.877753,0.241469,5.902831,5.63368,5.661362,5.428
as_completed_list,local-shape-fix,2,op-0,execution,0.208701,10.847728,0.200969,10.891563,10.639128,10.690594,4.046
as_completed_list,local-shape-fix,2,op-1,execution,0.24895,10.932474,0.244103,10.958332,10.683474,10.714229,4.046
as_completed_list,local-shape-fix,2,op-2,execution,0.274439,10.980015,0.271835,11.004512,10.705586,10.732677,4.046
as_completed_list,local-shape-fix,3,op-0,execution,0.194048,2.762419,0.185265,2.893003,2.56837,2.707738,5.008
as_completed_list,local-shape-fix,3,op-1,execution,0.236942,2.941836,0.232215,2.968265,2.704914,2.73605,5.008
as_completed_list,local-shape-fix,3,op-2,execution,0.26256,2.990207,0.259976,3.013582,2.727678,2.753606,5.008
as_completed_list,local-shape-fix,4,op-0,execution,0.191164,5.671335,0.184054,5.709471,5.480121,5.525417,4.768
as_completed_list,local-shape-fix,4,op-1,execution,0.231464,5.748118,0.226627,5.773166,5.516645,5.546539,4.768
as_completed_list,local-shape-fix,4,op-2,execution,0.257012,5.797632,0.254578,5.820917,5.54064,5.566339,4.768
as_completed_list,local-shape-fix,5,op-0,execution,0.170063,10.673836,0.162522,10.719774,10.504154,10.557252,4.106
as_completed_list,local-shape-fix,5,op-1,execution,0.2084,10.762558,0.203643,10.786954,10.554168,10.583311,4.106
as_completed_list,local-shape-fix,5,op-2,execution,0.232686,10.807415,0.230072,10.830839,10.574709,10.600767,4.106
as_completed_list,local-shape-fix,6,op-0,execution,0.200188,2.6626,0.192236,2.699085,2.462393,2.506849,8.214
as_completed_list,local-shape-fix,6,op-1,execution,0.240528,2.737021,0.234629,2.760185,2.496443,2.525556,8.214
as_completed_list,local-shape-fix,6,op-2,execution,0.265996,2.779965,0.263382,2.801417,2.513979,2.538035,8.214
as_completed_list,local-shape-fix,7,op-0,execution,0.239736,5.766677,0.231414,5.812505,5.52693,5.581091,6.128
as_completed_list,local-shape-fix,7,op-1,execution,0.281158,5.855159,0.276311,5.879936,5.574021,5.603625,6.128
as_completed_list,local-shape-fix,7,op-2,execution,0.306045,5.901177,0.303211,5.924772,5.595172,5.621561,6.128
as_completed_list,local-shape-fix,8,op-0,execution,0.179758,10.706365,0.172086,10.751783,10.526958,10.579697,3.906
as_completed_list,local-shape-fix,8,op-1,execution,0.219517,10.792673,0.214479,10.817871,10.573126,10.603392,3.906
as_completed_list,local-shape-fix,8,op-2,execution,0.244874,10.838902,0.24233,10.863418,10.593998,10.621088,3.906
as_completed_list,local-shape-fix,9,op-0,execution,0.171205,2.737582,0.163623,2.778914,2.566378,2.615291,4.106
as_completed_list,local-shape-fix,9,op-1,execution,0.211485,2.821467,0.206798,2.847777,2.609963,2.640979,4.106
as_completed_list,local-shape-fix,9,op-2,execution,0.236863,2.869879,0.234359,2.893665,2.632997,2.659306,4.106
as_completed_list,local-shape-fix,10,op-0,execution,0.162141,5.611236,0.15519,5.64719,5.449035,5.492,6.65
as_completed_list,local-shape-fix,10,op-1,execution,0.200218,5.681281,0.19536,5.703714,5.481033,5.508354,6.65
as_completed_list,local-shape-fix,10,op-2,execution,0.225576,5.722983,0.222862,5.743744,5.497467,5.520882,6.65
as_completed_list,local-shape-fix,11,op-0,execution,0.171685,10.677303,0.164915,10.720807,10.505648,10.555892,4.546
as_completed_list,local-shape-fix,11,op-1,execution,0.210213,10.785825,0.205356,10.811363,10.575692,10.606007,4.546
as_completed_list,local-shape-fix,11,op-2,execution,0.236322,10.834517,0.233468,10.859324,10.598206,10.625856,4.546
as_completed_list,local-shape-fix,12,op-0,execution,0.206537,2.733767,0.199287,2.770882,2.527169,2.571595,3.966
as_completed_list,local-shape-fix,12,op-1,execution,0.246807,2.808417,0.24207,2.832493,2.56158,2.590423,3.966
as_completed_list,local-shape-fix,12,op-2,execution,0.272736,2.853244,0.269922,2.875718,2.580509,2.605796,3.966
as_completed_list,local-shape-fix,13,op-0,execution,0.165306,5.684926,0.158145,5.720319,5.51963,5.562174,7.912
as_completed_list,local-shape-fix,13,op-1,execution,0.205967,5.758225,0.201019,5.782111,5.552228,5.581092,7.912
as_completed_list,local-shape-fix,13,op-2,execution,0.231785,5.802811,0.229061,5.825144,5.571026,5.596083,7.912
as_completed_list,local-shape-fix,14,op-0,execution,0.178996,11.019611,0.170964,11.074352,10.840615,10.903388,5.308
as_completed_list,local-shape-fix,14,op-1,execution,0.219786,11.124066,0.214779,11.149654,10.904269,10.934875,5.308
as_completed_list,local-shape-fix,14,op-2,execution,0.245285,11.171537,0.242571,11.194742,10.926232,10.952171,5.308
as_completed_list,local-shape-fix,15,op-0,execution,0.196022,2.733546,0.187399,2.774457,2.537484,2.587058,4.288
as_completed_list,local-shape-fix,15,op-1,execution,0.238124,2.816099,0.233207,2.840816,2.578005,2.607609,4.288
as_completed_list,local-shape-fix,15,op-2,execution,0.264373,2.860655,0.261769,2.882317,2.596282,2.620548,4.288
as_completed_list,local-shape-fix,16,op-0,execution,0.426485,5.930432,0.415989,5.975018,5.503927,5.559029,4.346
as_completed_list,local-shape-fix,16,op-1,execution,0.476319,6.015258,0.471281,6.060355,5.538949,5.589074,4.346
as_completed_list,local-shape-fix,16,op-2,execution,0.503479,6.082598,0.500715,6.105933,5.579189,5.605218,4.346
as_completed_list,local-shape-fix,17,op-0,execution,0.180459,10.712361,0.172657,10.764068,10.532012,10.591411,4.146
as_completed_list,local-shape-fix,17,op-1,execution,0.221009,10.808233,0.216132,10.83291,10.587205,10.616778,4.146
as_completed_list,local-shape-fix,17,op-2,execution,0.247338,10.895903,0.244804,10.921481,10.648566,10.676677,4.146
as_completed_list,local-shape-fix,18,op-0,execution,0.275469,2.946592,0.263852,2.998259,2.671112,2.734407,5.588
as_completed_list,local-shape-fix,18,op-1,execution,0.337041,3.050066,0.32954,3.084888,2.713025,2.755348,5.588
as_completed_list,local-shape-fix,18,op-2,execution,0.376429,3.142563,0.372123,3.178747,2.766213,2.806624,5.588
as_completed_list,local-shape-fix,19,op-0,execution,0.218054,5.699588,0.210523,5.740389,5.481513,5.529866,5.908
as_completed_list,local-shape-fix,19,op-1,execution,0.259096,5.78148,0.253718,5.807238,5.522384,5.55352,5.908
as_completed_list,local-shape-fix,19,op-2,execution,0.284494,5.82874,0.28186,5.851053,5.544236,5.569193,5.908
as_completed_tuple,fixed,0,op-0,execution,0.16118,2.622188,,,2.460999,,43.784
as_completed_tuple,fixed,0,op-1,execution,0.173989,2.632003,,,2.458044,,43.784
as_completed_tuple,fixed,0,op-2,execution,0.124625,2.591903,,,2.467287,,43.784
as_completed_tuple,fixed,1,op-0,execution,0.169622,5.663575,,,5.493982,,4.066
as_completed_tuple,fixed,1,op-1,execution,0.182191,5.673039,,,5.490848,,4.066
as_completed_tuple,fixed,1,op-2,execution,0.132918,5.630636,,,5.497809,,4.066
as_completed_tuple,fixed,2,op-0,execution,0.171866,10.661411,,,10.489505,,4.266
as_completed_tuple,fixed,2,op-1,execution,0.185496,10.673529,,,10.488043,,4.266
as_completed_tuple,fixed,2,op-2,execution,0.13397,10.62696,,,10.493241,,4.266
as_completed_tuple,fixed,3,op-0,execution,0.16175,2.632636,,,2.470896,,364.342
as_completed_tuple,fixed,3,op-1,execution,0.17518,2.642861,,,2.467651,,364.342
as_completed_tuple,fixed,3,op-2,execution,0.122633,2.600539,,,2.477886,,364.342
as_completed_tuple,fixed,4,op-0,execution,0.178836,5.66163,,,5.482814,,5.168
as_completed_tuple,fixed,4,op-1,execution,0.191875,5.671164,,,5.47932,,5.168
as_completed_tuple,fixed,4,op-2,execution,0.137694,5.625586,,,5.488012,,5.168
as_completed_tuple,fixed,5,op-0,execution,0.204153,10.721587,,,10.517434,,3.486
as_completed_tuple,fixed,5,op-1,execution,0.218555,10.732903,,,10.514359,,3.486
as_completed_tuple,fixed,5,op-2,execution,0.163253,10.685143,,,10.522101,,3.486
as_completed_tuple,fixed,6,op-0,execution,0.373055,2.847269,,,2.474134,,47.35
as_completed_tuple,fixed,6,op-1,execution,0.390481,2.859538,,,2.469077,,47.35
as_completed_tuple,fixed,6,op-2,execution,0.323982,2.81349,,,2.489397,,47.35
as_completed_tuple,fixed,7,op-0,execution,0.163332,5.666968,,,5.503645,,4.186
as_completed_tuple,fixed,7,op-1,execution,0.176092,5.677905,,,5.501863,,4.186
as_completed_tuple,fixed,7,op-2,execution,0.123644,5.632918,,,5.509284,,4.186
as_completed_tuple,fixed,8,op-0,execution,0.167299,10.643852,,,10.476563,,5.488
as_completed_tuple,fixed,8,op-1,execution,0.180348,10.654648,,,10.474299,,5.488
as_completed_tuple,fixed,8,op-2,execution,0.129382,10.60888,,,10.479487,,5.488
as_completed_tuple,fixed,9,op-0,execution,0.193688,2.749832,,,2.556093,,5.126
as_completed_tuple,fixed,9,op-1,execution,0.205896,2.757553,,,2.551576,,5.126
as_completed_tuple,fixed,9,op-2,execution,0.14781,2.712816,,,2.565247,,5.126
as_completed_tuple,fixed,10,op-0,execution,0.159648,5.634372,,,5.474704,,3.826
as_completed_tuple,fixed,10,op-1,execution,0.172847,5.645218,,,5.472371,,3.826
as_completed_tuple,fixed,10,op-2,execution,0.123313,5.602374,,,5.479181,,3.826
as_completed_tuple,fixed,11,op-0,execution,0.160879,10.667195,,,10.506306,,4.126
as_completed_tuple,fixed,11,op-1,execution,0.17545,10.677941,,,10.50246,,4.126
as_completed_tuple,fixed,11,op-2,execution,0.123243,10.633946,,,10.510703,,4.126
as_completed_tuple,fixed,12,op-0,execution,0.17442,2.699005,,,2.524545,,4.306
as_completed_tuple,fixed,12,op-1,execution,0.186187,2.709631,,,2.523423,,4.306
as_completed_tuple,fixed,12,op-2,execution,0.136003,2.663212,,,2.527239,,4.306
as_completed_tuple,fixed,13,op-0,execution,0.168751,5.666309,,,5.497568,,4.286
as_completed_tuple,fixed,13,op-1,execution,0.1814,5.677475,,,5.496035,,4.286
as_completed_tuple,fixed,13,op-2,execution,0.129643,5.631176,,,5.501634,,4.286
as_completed_tuple,fixed,14,op-0,execution,0.166197,10.744321,,,10.578105,,6.89
as_completed_tuple,fixed,14,op-1,execution,0.18141,10.777631,,,10.596311,,6.89
as_completed_tuple,fixed,14,op-2,execution,0.129293,10.713035,,,10.583753,,6.89
as_completed_tuple,fixed,15,op-0,execution,0.171575,2.656842,,,2.485247,,4.026
as_completed_tuple,fixed,15,op-1,execution,0.184224,2.666205,,,2.482012,,4.026
as_completed_tuple,fixed,15,op-2,execution,0.130764,2.624824,,,2.49407,,4.026
as_completed_tuple,fixed,16,op-0,execution,0.215751,5.82185,,,5.606069,,4.646
as_completed_tuple,fixed,16,op-1,execution,0.234478,5.836201,,,5.601692,,4.646
as_completed_tuple,fixed,16,op-2,execution,0.167549,5.779887,,,5.612559,,4.646
as_completed_tuple,fixed,17,op-0,execution,0.22815,10.898007,,,10.669777,,4.426
as_completed_tuple,fixed,17,op-1,execution,0.245996,10.912639,,,10.666583,,4.426
as_completed_tuple,fixed,17,op-2,execution,0.172617,10.851347,,,10.67872,,4.426
as_completed_tuple,fixed,18,op-0,execution,0.191384,2.613607,,,2.422262,,4.986
as_completed_tuple,fixed,18,op-1,execution,0.207118,2.623953,,,2.416804,,4.986
as_completed_tuple,fixed,18,op-2,execution,0.127119,2.583292,,,2.456173,,4.986
as_completed_tuple,fixed,19,op-0,execution,0.184785,5.610365,,,5.42552,,4.466
as_completed_tuple,fixed,19,op-1,execution,0.199076,5.621111,,,5.422055,,4.466
as_completed_tuple,fixed,19,op-2,execution,0.149762,5.580641,,,5.430868,,4.466
as_completed_tuple,local-shape-fix,0,op-0,execution,0.220748,2.756391,0.211655,2.807256,2.535762,2.595601,4.708
as_completed_tuple,local-shape-fix,0,op-1,execution,0.264474,2.854837,0.259346,2.880615,2.590353,2.621269,4.708
as_completed_tuple,local-shape-fix,0,op-2,execution,0.303021,2.904601,0.300106,2.927224,2.60158,2.627118,4.708
as_completed_tuple,local-shape-fix,1,op-0,execution,0.171906,5.694761,0.164575,5.733609,5.522845,5.569034,6.45
as_completed_tuple,local-shape-fix,1,op-1,execution,0.211594,5.772676,0.205986,5.79529,5.561062,5.589304,6.45
as_completed_tuple,local-shape-fix,1,op-2,execution,0.238795,5.81497,0.236111,5.837113,5.576164,5.601002,6.45
as_completed_tuple,local-shape-fix,2,op-0,execution,0.194909,10.751454,0.186968,10.807157,10.556935,10.620189,4.186
as_completed_tuple,local-shape-fix,2,op-1,execution,0.232385,10.854678,0.227628,10.879946,10.622232,10.652318,4.186
as_completed_tuple,local-shape-fix,2,op-2,execution,0.259016,10.903552,0.256172,10.92949,10.644556,10.673318,4.186
as_completed_tuple,local-shape-fix,3,op-0,execution,0.179737,2.696411,0.171575,2.739344,2.516654,2.567769,4.766
as_completed_tuple,local-shape-fix,3,op-1,execution,0.220398,2.782889,0.21531,2.814446,2.562482,2.599136,4.766
as_completed_tuple,local-shape-fix,3,op-2,execution,0.247988,2.917529,0.245334,2.945371,2.6696,2.700037,4.766
as_completed_tuple,local-shape-fix,4,op-0,execution,0.175801,5.681339,0.16856,5.723512,5.505568,5.554952,127.11
as_completed_tuple,local-shape-fix,4,op-1,execution,0.214889,5.761198,0.209952,5.824833,5.546359,5.614881,127.11
as_completed_tuple,local-shape-fix,4,op-2,execution,0.249681,5.850951,0.246937,5.876028,5.60128,5.629091,127.11
as_completed_tuple,local-shape-fix,5,op-0,execution,0.222962,10.789889,0.213337,10.840404,10.567187,10.627067,8.794
as_completed_tuple,local-shape-fix,5,op-1,execution,0.272164,10.88537,0.266055,10.910818,10.613205,10.644763,8.794
as_completed_tuple,local-shape-fix,5,op-2,execution,0.300267,10.933322,0.297543,10.956897,10.633066,10.659354,8.794
as_completed_tuple,local-shape-fix,6,op-0,execution,0.195481,2.650723,0.187379,2.685515,2.455232,2.498136,48.854
as_completed_tuple,local-shape-fix,6,op-1,execution,0.235711,2.717933,0.230633,2.742059,2.482222,2.511426,48.854
as_completed_tuple,local-shape-fix,6,op-2,execution,0.261549,2.76349,0.258655,2.787476,2.501922,2.528821,48.854
as_completed_tuple,local-shape-fix,7,op-0,execution,0.183233,5.742892,0.175141,5.794979,5.559859,5.619838,4.106
as_completed_tuple,local-shape-fix,7,op-1,execution,0.222862,5.840767,0.217794,5.865424,5.617875,5.64763,4.106
as_completed_tuple,local-shape-fix,7,op-2,execution,0.250623,5.887767,0.246947,5.945523,5.637174,5.698576,4.106
as_completed_tuple,local-shape-fix,8,op-0,execution,0.180728,10.78391,0.172666,10.845421,10.603541,10.672755,4.786
as_completed_tuple,local-shape-fix,8,op-1,execution,0.221009,10.895857,0.216132,10.921245,10.674818,10.705113,4.786
as_completed_tuple,local-shape-fix,8,op-2,execution,0.269321,10.944459,0.264794,10.969857,10.675159,10.705063,4.786
as_completed_tuple,local-shape-fix,9,op-0,execution,0.188861,2.657233,0.18096,2.69532,2.468362,2.51436,4.566
as_completed_tuple,local-shape-fix,9,op-1,execution,0.227469,2.732986,0.222662,2.757793,2.505477,2.535131,4.566
as_completed_tuple,local-shape-fix,9,op-2,execution,0.254809,2.778603,0.252275,2.802168,2.523814,2.549893,4.566
as_completed_tuple,local-shape-fix,10,op-0,execution,0.250613,5.754741,0.242441,5.793358,5.504108,5.550917,4.006
as_completed_tuple,local-shape-fix,10,op-1,execution,0.293036,5.859506,0.288198,5.883302,5.56644,5.595104,4.006
as_completed_tuple,local-shape-fix,10,op-2,execution,0.318573,5.903772,0.31597,5.926376,5.585228,5.610406,4.006
as_completed_tuple,local-shape-fix,11,op-0,execution,0.165997,10.712786,0.158436,10.761158,10.546909,10.602722,4.004
as_completed_tuple,local-shape-fix,11,op-1,execution,0.207689,10.808128,0.202842,10.833426,10.600468,10.630584,4.004
as_completed_tuple,local-shape-fix,11,op-2,execution,0.233237,10.855979,0.230383,10.881637,10.622762,10.651254,4.004
as_completed_tuple,local-shape-fix,12,op-0,execution,0.160459,2.640748,0.154009,2.676692,2.480299,2.522683,4.786
as_completed_tuple,local-shape-fix,12,op-1,execution,0.199397,2.712185,0.19449,2.735599,2.512778,2.541109,4.786
as_completed_tuple,local-shape-fix,12,op-2,execution,0.225085,2.754648,0.222441,2.77674,2.529543,2.554299,4.786
as_completed_tuple,local-shape-fix,13,op-0,execution,0.298273,5.81602,0.2892,5.857822,5.517707,5.568622,4.788
as_completed_tuple,local-shape-fix,13,op-1,execution,0.339676,5.900917,0.334538,5.926405,5.561211,5.591867,4.788
as_completed_tuple,local-shape-fix,13,op-2,execution,0.365374,5.946625,0.36274,5.969749,5.581211,5.607009,4.788
as_completed_tuple,local-shape-fix,14,op-0,execution,0.195661,10.873403,0.187318,10.94559,10.678072,10.758272,4.326
as_completed_tuple,local-shape-fix,14,op-1,execution,0.234389,11.000402,0.229382,11.027162,10.766024,10.79778,4.326
as_completed_tuple,local-shape-fix,14,op-2,execution,0.261189,11.050847,0.258404,11.080241,10.789698,10.821837,4.326
as_completed_tuple,local-shape-fix,15,op-0,execution,0.178225,2.717272,0.169863,2.753425,2.539047,2.583562,4.026
as_completed_tuple,local-shape-fix,15,op-1,execution,0.217744,2.789439,0.212697,2.813024,2.571705,2.600327,4.026
as_completed_tuple,local-shape-fix,15,op-2,execution,0.245756,2.832673,0.242962,2.855437,2.586957,2.612475,4.026
as_completed_tuple,local-shape-fix,16,op-0,execution,0.204995,5.722311,0.171665,5.763162,5.517356,5.591497,45.148
as_completed_tuple,local-shape-fix,16,op-1,execution,0.254979,5.801328,0.24927,5.826225,5.54635,5.576955,45.148
as_completed_tuple,local-shape-fix,16,op-2,execution,0.283912,5.846285,0.281208,5.868468,5.562343,5.58726,45.148
as_completed_tuple,local-shape-fix,17,op-0,execution,0.190303,10.833731,0.182391,10.896444,10.643819,10.714053,10.956
as_completed_tuple,local-shape-fix,17,op-1,execution,0.235631,10.961671,0.230313,10.992747,10.72591,10.762434,10.956
as_completed_tuple,local-shape-fix,17,op-2,execution,0.265916,11.027439,0.262901,11.054509,10.761543,10.791608,10.956
as_completed_tuple,local-shape-fix,18,op-0,execution,0.170093,2.673846,0.162612,2.709079,2.503703,2.546467,4.688
as_completed_tuple,local-shape-fix,18,op-1,execution,0.20865,2.744602,0.203793,2.768197,2.535922,2.564404,4.688
as_completed_tuple,local-shape-fix,18,op-2,execution,0.234118,2.788667,0.231434,2.811792,2.554539,2.580358,4.688
as_completed_tuple,local-shape-fix,19,op-0,execution,0.176513,5.66077,0.168781,5.7013,5.484297,5.532519,4.206
as_completed_tuple,local-shape-fix,19,op-1,execution,0.215581,5.738696,0.210463,5.763102,5.523135,5.552639,4.206
as_completed_tuple,local-shape-fix,19,op-2,execution,0.24168,5.814759,0.239186,5.841128,5.573129,5.601942,4.206
batch_drained,fixed,0,op-0,execution,0.245415,2.57664,0.23513,2.767624,2.331246,2.532494,5.59
batch_drained,fixed,1,op-0,execution,0.263292,5.73946,0.230463,5.960098,5.476409,5.729635,18.788
batch_drained,fixed,2,op-0,execution,0.330301,10.645347,0.317662,10.964482,10.315606,10.64682,5.588
batch_drained,fixed,3,op-0,execution,0.249591,2.544906,0.236602,2.697162,2.295274,2.46056,4.326
batch_drained,fixed,4,op-0,execution,0.329816,5.605963,0.318379,6.111024,5.276407,5.792645,5.308
batch_drained,fixed,5,op-0,execution,0.349841,10.676801,0.324563,11.002235,10.328042,10.677672,5.97
batch_drained,fixed,6,op-0,execution,0.475412,2.76727,0.449854,3.005524,2.291468,2.55567,27.602
batch_drained,fixed,7,op-0,execution,0.235926,5.528618,0.226331,5.693533,5.292672,5.467202,5.79
batch_drained,fixed,8,op-0,execution,0.271293,10.552595,0.256391,10.756819,10.281762,10.500428,11.778
batch_drained,fixed,9,op-0,execution,0.379469,3.015151,0.356295,3.28379,2.635652,2.927495,35.794
batch_drained,fixed,10,op-0,execution,0.458417,5.823708,0.433019,6.097014,5.366022,5.663995,4.228
batch_drained,fixed,11,op-0,execution,0.274829,10.650741,0.264934,10.915124,10.376854,10.65019,4.708
batch_drained,fixed,12,op-0,execution,0.558561,2.840613,0.533834,3.096734,2.281682,2.5629,6.41
batch_drained,fixed,13,op-0,execution,0.295831,5.574011,0.279857,5.812917,5.278151,5.53306,3.866
batch_drained,fixed,14,op-0,execution,0.334162,10.657127,0.322415,10.916382,10.323705,10.593967,5.308
batch_drained,fixed,15,op-0,execution,0.221949,2.550873,0.210893,2.705534,2.328904,2.494641,5.026
batch_drained,fixed,16,op-0,execution,0.340296,5.58661,0.328789,5.783082,5.246484,5.454293,4.206
batch_drained,fixed,17,op-0,execution,0.320507,10.701027,0.29597,10.963758,10.38073,10.667788,4.006
batch_drained,fixed,18,op-0,execution,0.250222,2.474891,0.233728,2.625415,2.224648,2.391687,4.146
batch_drained,fixed,19,op-0,execution,0.314457,5.556284,0.301388,5.793077,5.242117,5.491689,4.888
batch_pending,fixed,0,op-0,execution,0.225084,2.454689,,,2.229594,,5.228
batch_pending,fixed,1,op-0,execution,4.246819,23.420415,,,19.174047,,3.986
batch_pending,fixed,2,op-0,execution,0.364552,10.791064,,,10.427212,,4.808
batch_pending,fixed,3,op-0,execution,0.36261,2.678765,,,2.315955,,3.846
batch_pending,fixed,4,op-0,execution,0.503228,5.768159,,,5.265251,,4.648
batch_pending,fixed,5,op-0,execution,0.236848,16.848657,,,16.612419,,16.464
batch_pending,fixed,6,op-0,execution,0.231739,2.460824,,,2.228995,,4.046
batch_pending,fixed,7,op-0,execution,0.324782,5.736762,,,5.412069,,5.408
batch_pending,fixed,8,op-0,execution,0.373711,10.708162,,,10.334531,,52.116
batch_pending,fixed,9,op-0,execution,0.416034,2.688686,,,2.272672,,16.024
batch_pending,fixed,10,op-0,execution,0.341358,5.660841,,,5.319543,,11.498
batch_pending,fixed,11,op-0,execution,0.293211,10.55267,,,10.259759,,5.868
batch_pending,fixed,12,op-0,execution,0.261649,2.502815,,,2.241337,,5.828
batch_pending,fixed,13,op-0,execution,0.313071,5.551973,,,5.238892,,5.148
batch_pending,fixed,14,op-0,execution,0.266616,10.545955,,,10.27944,,5.508
batch_pending,fixed,15,op-0,execution,0.46755,2.858997,,,2.391256,,3.606
batch_pending,fixed,16,op-0,execution,0.250167,5.709152,,,5.459185,,3.884
batch_pending,fixed,17,op-0,execution,0.29244,10.542436,,,10.250156,,4.206
batch_pending,fixed,18,op-0,execution,0.554329,2.875983,,,2.321343,,3.806
batch_pending,fixed,19,op-0,execution,0.554665,5.895679,,,5.340744,,6.41
both_lifetimes,fixed,0,op-0,both,3.233585,7.430759,-0.016875,7.595489,4.196132,7.612364,15.484
both_lifetimes,fixed,1,op-0,both,3.217811,7.436347,-0.019299,7.54974,4.218225,7.569039,4.908
both_lifetimes,fixed,2,op-0,both,3.247526,7.48476,-0.026619,7.6156,4.237204,7.642219,5.568
both_lifetimes,fixed,3,op-0,both,3.255963,7.517532,-0.019209,7.691121,4.260779,7.71033,5.508
both_lifetimes,fixed,4,op-0,both,3.275902,7.487816,-0.016265,7.689526,4.211072,7.705791,45.588
both_lifetimes,fixed,5,op-0,both,3.22998,7.476176,-0.041201,7.594076,4.246095,7.635277,4.768
both_lifetimes,fixed,6,op-0,both,3.248256,7.489384,-0.018557,7.650319,4.239465,7.668876,5.468
both_lifetimes,fixed,7,op-0,both,3.27404,7.508257,-0.021782,7.64411,4.234368,7.665892,4.966
both_lifetimes,fixed,8,op-0,both,3.237266,7.420903,-0.015993,7.574958,4.182596,7.590951,18.428
both_lifetimes,fixed,9,op-0,both,4.019209,7.470382,-0.022093,7.621597,3.450443,7.64369,5.508
both_lifetimes,fixed,10,op-0,both,3.197006,7.42852,-0.015353,7.540968,4.231374,7.556321,5.008
both_lifetimes,fixed,11,op-0,both,3.235928,7.459399,-0.02076,7.576319,4.223632,7.597079,3.824
both_lifetimes,fixed,12,op-0,both,3.201787,7.433131,-0.018798,7.545694,4.231334,7.564492,5.428
both_lifetimes,fixed,13,op-0,both,3.245247,7.466206,-0.015903,7.64351,4.219777,7.659413,5.488
both_lifetimes,fixed,14,op-0,both,3.218142,7.44516,-0.016264,7.559404,4.227217,7.575668,48.752
both_lifetimes,fixed,15,op-0,both,3.220845,7.439771,-0.021202,7.582198,4.218555,7.6034,4.566
both_lifetimes,fixed,16,op-0,both,3.605518,7.892965,-0.020921,8.098065,4.286105,8.118986,4.626
both_lifetimes,fixed,17,op-0,both,3.206609,7.441997,-0.023905,7.542076,4.235529,7.565981,4.146
both_lifetimes,fixed,18,op-0,both,3.328981,7.6319,-0.025768,7.75989,4.30294,7.785658,37.536
both_lifetimes,fixed,19,op-0,both,3.21686,7.480562,-0.017456,7.626203,4.263751,7.643659,13.92
capture_epoch,affected,0,op-0,execution,0.394191,3.716964,0.037415,0.187809,3.322743,0.150394,3.886
capture_epoch,affected,1,op-0,execution,2.271963,7.611766,0.044666,0.224263,5.340193,0.179597,5.006
capture_epoch,affected,2,op-0,execution,0.434467,10.782239,0.038277,0.172677,10.347512,0.1344,8.032
capture_epoch,affected,3,op-0,execution,0.455442,2.716575,0.042894,0.197434,2.261243,0.15454,3.706
capture_epoch,affected,4,op-0,execution,0.488647,5.791754,0.041301,0.209341,5.303338,0.16804,3.986
capture_epoch,affected,5,op-0,execution,0.469339,10.822418,0.036815,0.20112,10.352959,0.164305,68.12
capture_epoch,affected,6,op-0,execution,3.668796,5.919072,0.041401,0.202781,2.250417,0.16138,94.28
capture_epoch,affected,7,op-0,execution,0.435737,5.761448,0.039408,0.179867,5.325611,0.140459,10.776
capture_epoch,affected,8,op-0,execution,2.132514,12.471782,0.055503,0.240438,10.339669,0.184935,4.468
capture_epoch,affected,9,op-0,execution,0.503259,2.78958,0.038858,0.238045,2.286191,0.199187,42.282
capture_epoch,affected,10,op-0,execution,0.484296,5.80364,0.04015,0.239627,5.319544,0.199477,4.286
capture_epoch,affected,11,op-0,execution,0.454817,11.807795,0.042403,0.192076,11.353258,0.149673,3.786
capture_epoch,affected,12,op-0,execution,0.539583,2.849589,0.041402,0.221169,2.309265,0.179767,4.046
capture_epoch,affected,13,op-0,execution,0.46417,5.719016,0.04049,0.195561,5.255086,0.155071,4.046
capture_epoch,affected,14,op-0,execution,0.476128,10.785613,0.0405,0.21512,10.309355,0.17462,19.29
capture_epoch,affected,15,op-0,execution,0.396189,3.728666,0.040099,0.178445,3.332717,0.138346,3.624
capture_epoch,affected,16,op-0,execution,0.633533,6.008508,0.054521,0.258985,5.374805,0.204464,6.49
capture_epoch,affected,17,op-0,execution,0.621569,11.001979,0.066159,0.294558,10.38061,0.228399,4.568
capture_epoch,affected,18,op-0,execution,0.610137,2.990558,0.051066,0.271554,2.38032,0.220488,4.666
capture_epoch,affected,19,op-0,execution,0.478662,5.741049,0.041001,0.210994,5.262528,0.169993,5.508
capture_epoch,fixed,0,op-0,execution,0.315394,2.579843,0.306701,2.762935,2.264469,2.456234,5.088
capture_epoch,fixed,1,op-0,execution,0.344863,5.600921,0.336751,5.883361,5.256229,5.54661,10.276
capture_epoch,fixed,2,op-0,execution,0.332535,10.647188,0.32256,10.881136,10.315875,10.558576,5.648
capture_epoch,fixed,3,op-0,execution,0.544489,2.848286,0.524099,3.116886,2.303557,2.592787,5.608
capture_epoch,fixed,4,op-0,execution,0.281163,5.555477,0.27246,5.7387,5.274355,5.46624,5.268
capture_epoch,fixed,5,op-0,execution,0.333225,10.635719,0.324172,10.857139,10.302804,10.532967,4.748
capture_epoch,fixed,6,op-0,execution,0.414962,2.688994,0.395303,2.932987,2.274122,2.537684,4.046
capture_epoch,fixed,7,op-0,execution,0.391532,5.736332,0.379475,5.956419,5.34515,5.576944,4.166
capture_epoch,fixed,8,op-0,execution,0.34547,10.758237,0.333682,11.060857,10.413639,10.727175,4.668
capture_epoch,fixed,9,op-0,execution,0.385423,2.730251,0.374987,2.93087,2.345019,2.555883,6.07
capture_epoch,fixed,10,op-0,execution,0.265886,5.51783,0.257614,5.69305,5.252023,5.435436,4.006
capture_epoch,fixed,11,op-0,execution,0.311749,10.602027,0.303066,10.827643,10.290849,10.524577,46.308
capture_epoch,fixed,12,op-0,execution,0.367506,2.702439,0.348278,2.93804,2.334602,2.589762,5.368
capture_epoch,fixed,13,op-0,execution,0.354763,5.629148,0.345309,5.828214,5.274556,5.482905,4.106
capture_epoch,fixed,14,op-0,execution,0.375785,10.69211,0.355094,11.052947,10.316315,10.697853,5.648
capture_epoch,fixed,15,op-0,execution,0.375675,2.828163,0.355985,3.07545,2.452247,2.719465,49.734
capture_epoch,fixed,16,op-0,execution,0.383946,5.696648,0.375553,5.922113,5.312733,5.54656,4.608
capture_epoch,fixed,17,op-0,execution,0.270201,10.552275,0.26248,10.752283,10.282444,10.489803,4.386
capture_epoch,fixed,18,op-0,execution,0.406771,2.710197,0.38628,3.062251,2.303116,2.675971,4.828
capture_epoch,fixed,19,op-0,execution,4.302424,9.691459,4.28008,9.975101,5.388765,5.695021,7.572
escaped,affected,0,op-0,execution,0.475088,2.792916,0.042223,0.210223,2.317969,0.168,4.928
escaped,affected,1,op-0,execution,0.582221,6.03414,0.06718,0.276051,5.451849,0.208871,7.952
escaped,affected,2,op-0,execution,0.402247,10.671051,0.043034,0.204454,10.268784,0.16142,4.886
escaped,affected,3,op-0,execution,0.534169,2.838457,0.052928,0.254378,2.303677,0.20145,4.488
escaped,affected,4,op-0,execution,0.463255,6.831227,0.039209,0.27544,6.368002,0.236231,5.448
escaped,affected,5,op-0,execution,0.419925,10.762618,0.038798,0.173057,10.342734,0.134259,4.968
escaped,affected,6,op-0,execution,0.74965,3.034609,0.039869,0.225195,2.285099,0.185326,12.558
escaped,affected,7,op-0,execution,0.379755,6.726014,0.039749,0.189522,6.346128,0.149773,4.748
escaped,affected,8,op-0,execution,0.381532,11.735459,0.049443,0.193127,11.354107,0.143684,9.154
escaped,affected,9,op-0,execution,0.474611,2.817857,0.110284,0.259115,2.342464,0.148831,5.348
escaped,affected,10,op-0,execution,0.458893,5.789143,0.04071,0.203442,5.329759,0.162732,13.64
escaped,affected,11,op-0,execution,0.438772,10.772684,0.041472,0.21534,10.333892,0.173868,6.81
escaped,affected,12,op-0,execution,0.359876,2.629822,0.039519,0.170213,2.270037,0.130694,12.76
escaped,affected,13,op-0,execution,0.384396,6.712549,0.037185,0.212856,6.328132,0.175671,5.088
escaped,affected,14,op-0,execution,0.527109,10.896042,0.059839,0.286927,10.368993,0.227088,4.966
escaped,affected,15,op-0,execution,0.427931,3.653249,0.041031,0.191605,3.225618,0.150574,5.388
escaped,affected,16,op-0,execution,0.394477,5.631256,0.038688,0.191826,5.236829,0.153138,6.87
escaped,affected,17,op-0,execution,1.91876,12.238019,0.048703,0.225095,10.31951,0.176392,5.728
escaped,affected,18,op-0,execution,0.439328,2.756064,0.038687,0.212616,2.315404,0.173929,11.698
escaped,affected,19,op-0,execution,0.832173,6.22922,0.049514,0.207659,5.396687,0.158145,4.888
escaped,fixed,0,op-0,execution,0.23866,2.505663,0.229947,3.390188,2.267143,3.160241,4.348
escaped,fixed,1,op-0,execution,0.364166,5.68485,0.340251,6.666189,5.320484,6.325938,6.288
escaped,fixed,2,op-0,execution,0.450801,10.967273,0.423981,12.361067,10.516272,11.937086,4.306
escaped,fixed,3,op-0,execution,0.277011,2.574619,0.266285,3.354309,2.297788,3.088024,5.448
escaped,fixed,4,op-0,execution,0.399334,5.975849,0.377602,6.83706,5.576425,6.459458,5.928
escaped,fixed,5,op-0,execution,0.217834,10.491485,0.20848,11.226068,10.274131,11.017588,4.446
escaped,fixed,6,op-0,execution,0.340221,2.661083,0.318469,3.577436,2.320442,3.258967,34.092
escaped,fixed,7,op-0,execution,0.273877,5.573745,0.261098,6.403078,5.300318,6.14198,7.772
escaped,fixed,8,op-0,execution,0.449443,10.849672,0.404406,11.924952,10.400439,11.520546,5.468
escaped,fixed,9,op-0,execution,0.473019,2.8134,0.443835,4.006464,2.340061,3.562629,5.188
escaped,fixed,10,op-0,execution,0.414216,5.755082,0.387877,6.76225,5.340685,6.374373,4.406
escaped,fixed,11,op-0,execution,0.222215,10.54519,0.212891,11.286312,10.323175,11.073421,5.048
escaped,fixed,12,op-0,execution,0.417867,2.694343,0.390526,3.833618,2.276167,3.443092,4.726
escaped,fixed,13,op-0,execution,0.300677,5.595082,0.291153,6.471405,5.294916,6.180252,5.988
escaped,fixed,14,op-0,execution,0.330452,10.709069,0.307938,11.629858,10.378567,11.32192,5.79
escaped,fixed,15,op-0,execution,0.428487,2.732183,0.40347,3.679853,2.303416,3.276383,4.848
escaped,fixed,16,op-0,execution,0.355584,5.67794,0.333131,6.763084,5.322336,6.429953,5.908
escaped,fixed,17,op-0,execution,0.294848,10.677782,0.28257,11.581927,10.383354,11.299357,5.65
escaped,fixed,18,op-0,execution,0.225766,2.576813,0.217343,3.238076,2.351027,3.020733,4.646
escaped,fixed,19,op-0,execution,0.288254,5.612253,0.274995,6.728714,5.324209,6.453719,4.026
export_drop,fixed,0,op-0,execution,0.338418,2.638397,,,2.299679,,3.726
export_drop,fixed,1,op-0,execution,0.183954,6.488961,,,6.305158,,3.886
export_drop,fixed,2,op-0,execution,0.279476,10.563094,,,10.283999,,3.886
export_drop,fixed,3,op-0,execution,0.316416,2.610578,,,2.294243,,10.096
export_drop,fixed,4,op-0,execution,0.265614,5.575952,,,5.310218,,4.086
export_drop,fixed,5,op-0,execution,0.342755,10.640511,,,10.298067,,4.006
export_drop,fixed,6,op-0,execution,0.329219,2.619285,,,2.289875,,4.046
export_drop,fixed,7,op-0,execution,0.239085,5.491878,,,5.253033,,4.648
export_drop,fixed,8,op-0,execution,0.236977,10.513332,,,10.276615,,6.55
export_drop,fixed,9,op-0,execution,0.191385,2.531517,,,2.340182,,3.946
export_drop,fixed,10,op-0,execution,0.315038,5.66747,,,5.352292,,4.266
export_drop,fixed,11,op-0,execution,0.222932,10.523893,,,10.302003,,4.046
export_drop,fixed,12,op-0,execution,4.128763,6.439909,,,2.311646,,3.766
export_drop,fixed,13,op-0,execution,0.264303,5.599148,,,5.334956,,4.908
export_drop,fixed,14,op-0,execution,0.23512,10.506127,,,10.271428,,4.546
export_drop,fixed,15,op-0,execution,0.890089,3.342577,,,2.452268,,4.226
export_drop,fixed,16,op-0,execution,0.289646,5.552845,,,5.263358,,3.906
export_drop,fixed,17,op-0,execution,0.352234,10.668098,,,10.315834,,3.946
export_drop,fixed,18,op-0,execution,2.642025,4.933523,,,2.291218,,4.286
export_drop,fixed,19,op-0,execution,0.437501,5.857172,,,5.419772,,7.072
handled_inside,affected,0,op-0,execution,0.476444,2.747092,0.042524,0.212106,2.270578,0.169582,4.666
handled_inside,affected,1,op-0,execution,0.441752,5.703318,0.045188,0.212907,5.261696,0.167719,5.008
handled_inside,affected,2,op-0,execution,0.429189,10.678173,0.039359,0.22184,10.249035,0.182481,6.63
handled_inside,affected,3,op-0,execution,0.506443,2.811753,0.042773,0.204524,2.304539,0.161751,3.886
handled_inside,affected,4,op-0,execution,0.469569,5.778967,0.121451,0.307378,5.309528,0.185927,14.742
handled_inside,affected,5,op-0,execution,0.485097,10.801662,0.04018,0.250563,10.315725,0.210383,9.754
handled_inside,affected,6,op-0,execution,0.412488,3.761639,0.038718,0.220859,3.349141,0.182141,14.422
handled_inside,affected,7,op-0,execution,0.523473,5.79267,0.041341,0.187318,5.269247,0.145977,5.268
handled_inside,affected,8,op-0,execution,0.493569,10.769132,0.041752,0.242721,10.275784,0.200969,5.188
handled_inside,affected,9,op-0,execution,0.388839,3.73044,0.042203,0.197845,3.341661,0.155642,5.608
handled_inside,affected,10,op-0,execution,0.383896,6.71171,0.039088,0.177114,6.327864,0.138026,4.968
handled_inside,affected,11,op-0,execution,0.586683,10.94767,0.065287,0.308349,10.361338,0.243062,4.506
handled_inside,affected,12,op-0,execution,0.411493,2.67578,0.065868,0.208,2.264288,0.142132,4.788
handled_inside,affected,13,op-0,execution,0.462908,5.765175,0.049113,0.230863,5.302286,0.18175,16.824
handled_inside,affected,14,op-0,execution,2.055472,12.35364,0.048762,0.224013,10.298018,0.175251,7.01
handled_inside,affected,15,op-0,execution,0.524916,8.888395,0.041832,0.236903,8.362869,0.195071,5.59
handled_inside,affected,16,op-0,execution,0.476639,5.82504,0.041031,0.195961,5.34773,0.15493,43.826
handled_inside,affected,17,op-0,execution,0.434766,14.208033,0.045958,0.235179,13.773597,0.189221,5.628
handled_inside,affected,18,op-0,execution,2.216168,4.571087,0.108811,0.25613,2.354619,0.147319,3.844
handled_inside,affected,19,op-0,execution,0.376464,5.664064,0.039588,0.187539,5.28776,0.147951,5.008
handled_inside,fixed,0,op-0,execution,0.257333,2.518116,0.246837,2.691313,2.260813,2.444476,4.828
handled_inside,fixed,1,op-0,execution,0.362208,5.687018,0.33641,5.947395,5.324709,5.610985,5.448
handled_inside,fixed,2,op-0,execution,0.323907,10.655735,0.300382,11.107988,10.332379,10.807606,4.108
handled_inside,fixed,3,op-0,execution,0.304674,2.616373,0.294829,2.8364,2.311769,2.541571,7.872
handled_inside,fixed,4,op-0,execution,0.328409,5.619639,0.308339,5.852735,5.290829,5.544396,5.468
handled_inside,fixed,5,op-0,execution,0.292509,10.668263,0.282384,11.207455,10.376625,10.925071,4.146
handled_inside,fixed,6,op-0,execution,0.272475,2.631614,0.262621,2.81021,2.359389,2.547589,3.624
handled_inside,fixed,7,op-0,execution,0.308233,5.687103,0.295535,5.897015,5.37898,5.60148,80.58
handled_inside,fixed,8,op-0,execution,0.312676,10.627638,0.298224,10.937408,10.315343,10.639184,5.328
handled_inside,fixed,9,op-0,execution,0.29914,2.620273,0.286271,2.825418,2.321172,2.539147,6.048
handled_inside,fixed,10,op-0,execution,0.352795,5.75391,0.329059,6.017372,5.401005,5.688313,4.348
handled_inside,fixed,11,op-0,execution,0.290217,10.599492,0.262976,10.818487,10.309625,10.555511,5.528
handled_inside,fixed,12,op-0,execution,0.460045,2.786154,0.431342,3.077027,2.325899,2.645685,4.206
handled_inside,fixed,13,op-0,execution,0.312625,5.606269,0.30281,5.897843,5.293814,5.595033,5.048
handled_inside,fixed,14,op-0,execution,0.238485,10.537384,0.226968,10.764662,10.29958,10.537694,4.928
handled_inside,fixed,15,op-0,execution,0.274848,2.575881,0.263812,2.807095,2.300942,2.543283,3.766
handled_inside,fixed,16,op-0,execution,0.237714,5.536436,0.226888,5.733119,5.298862,5.506231,4.086
handled_inside,fixed,17,op-0,execution,0.398627,10.762583,0.375623,11.115237,10.363845,10.739614,22.674
handled_inside,fixed,18,op-0,execution,0.50716,2.857956,0.482052,3.098614,2.350606,2.616562,4.606
handled_inside,fixed,19,op-0,execution,0.229511,5.47902,0.220007,5.663424,5.249598,5.443417,5.248
lifecycle,affected,0,op-0,execution,0.460134,2.761154,0.064857,0.217484,2.30056,0.152627,3.684
lifecycle,affected,0,op-1,context-only,0.079648,3.306565,,,3.226536,,3.684
lifecycle,affected,0,op-2,execution,0.153758,3.404691,,,3.250792,,3.684
lifecycle,affected,1,op-0,execution,0.446253,6.802878,0.045547,0.252004,6.356684,0.206457,3.966
lifecycle,affected,1,op-1,context-only,0.065637,6.324617,,,6.25929,,3.966
lifecycle,affected,1,op-2,execution,0.070434,10.04477,,,9.974706,,3.966
lifecycle,affected,2,op-0,execution,0.47387,10.853521,0.041151,0.205946,10.379991,0.164795,5.448
lifecycle,affected,2,op-1,context-only,0.087325,11.326265,,,11.23915,,5.448
lifecycle,affected,2,op-2,execution,0.09036,11.375048,,,11.284929,,5.448
lifecycle,affected,3,op-0,execution,0.554584,2.847846,0.04064,0.280878,2.292911,0.240238,4.328
lifecycle,affected,3,op-1,context-only,0.073419,3.289823,,,3.216575,,4.328
lifecycle,affected,3,op-2,execution,0.07492,3.333317,,,3.258247,,4.328
lifecycle,affected,4,op-0,execution,0.382239,6.735633,0.04692,0.191375,6.353535,0.144455,5.688
lifecycle,affected,4,op-1,context-only,0.085071,6.306755,,,6.221593,,5.688
lifecycle,affected,4,op-2,execution,0.079884,6.306915,,,6.227272,,5.688
lifecycle,affected,5,op-0,execution,0.4103,17.110079,0.041822,0.202601,16.70072,0.160779,5.608
lifecycle,affected,5,op-1,context-only,0.090165,11.306778,,,11.216534,,5.608
lifecycle,affected,5,op-2,execution,0.158155,11.330749,,,11.172723,,5.608
lifecycle,affected,6,op-0,execution,0.465677,2.836893,0.081691,0.232756,2.370095,0.151065,4.908
lifecycle,affected,6,op-1,context-only,0.11118,3.39913,,,3.287989,,4.908
lifecycle,affected,6,op-2,execution,0.1183,3.43321,,,3.31482,,4.908
lifecycle,affected,7,op-0,execution,0.480138,5.796926,0.039328,0.182351,5.315856,0.143023,7.07
lifecycle,affected,7,op-1,context-only,0.104049,6.315598,,,6.211669,,7.07
lifecycle,affected,7,op-2,execution,0.120183,6.327255,,,6.207603,,7.07
lifecycle,affected,8,op-0,execution,0.417011,11.763758,0.045137,0.225916,11.347319,0.180779,40.118
lifecycle,affected,8,op-1,context-only,0.071777,11.360913,,,11.289727,,40.118
lifecycle,affected,8,op-2,execution,0.083674,11.377043,,,11.293378,,40.118
lifecycle,affected,9,op-0,execution,0.480741,2.820853,0.042914,0.253998,2.33953,0.211084,5.028
lifecycle,affected,9,op-1,context-only,0.091201,3.301377,,,3.210336,,5.028
lifecycle,affected,9,op-2,execution,0.096759,3.290381,,,3.193602,,5.028
lifecycle,affected,10,op-0,execution,0.441782,5.767174,0.042013,0.202922,5.324661,0.160909,7.31
lifecycle,affected,10,op-1,context-only,0.10417,6.337022,,,6.233102,,7.31
lifecycle,affected,10,op-2,execution,0.086834,6.296251,,,6.209657,,7.31
lifecycle,affected,11,op-0,execution,0.530929,10.833553,0.048973,0.218675,10.302453,0.169702,6.63
lifecycle,affected,11,op-1,context-only,0.076564,11.815058,,,11.739716,,6.63
lifecycle,affected,11,op-2,execution,0.281028,11.578262,,,11.297944,,6.63
lifecycle,affected,12,op-0,execution,0.43076,2.711513,0.040149,0.180869,2.280743,0.14072,48.472
lifecycle,affected,12,op-1,context-only,0.070375,3.324616,,,3.25425,,48.472
lifecycle,affected,12,op-2,execution,0.082318,3.343859,,,3.261522,,48.472
lifecycle,affected,13,op-0,execution,0.446149,5.794244,0.049023,0.219737,5.348536,0.170714,5.668
lifecycle,affected,13,op-1,context-only,0.143819,6.364877,,,6.221308,,5.668
lifecycle,affected,13,op-2,execution,0.120454,6.325634,,,6.205521,,5.668
lifecycle,affected,14,op-0,execution,0.365253,11.736467,0.041431,0.207628,11.371374,0.166197,4.846
lifecycle,affected,14,op-1,context-only,0.072238,11.308121,,,11.236464,,4.846
lifecycle,affected,14,op-2,execution,0.070364,11.415379,,,11.345535,,4.846
lifecycle,affected,15,op-0,execution,0.392304,2.643412,0.04061,0.191415,2.251019,0.150805,6.388
lifecycle,affected,15,op-1,context-only,0.076945,3.271737,,,3.194792,,6.388
lifecycle,affected,15,op-2,execution,0.098296,3.304535,,,3.206589,,6.388
lifecycle,affected,16,op-0,execution,0.4374,5.884994,0.044406,0.218625,5.447894,0.174219,6.328
lifecycle,affected,16,op-1,context-only,0.084775,6.29353,,,6.208785,,6.328
lifecycle,affected,16,op-2,execution,0.068411,6.350045,,,6.281794,,6.328
lifecycle,affected,17,op-0,execution,0.598116,10.98855,0.06715,0.334528,10.390645,0.267378,5.128
lifecycle,affected,17,op-1,context-only,0.0941,11.381058,,,11.287379,,5.128
lifecycle,affected,17,op-2,execution,0.086809,11.300358,,,11.21373,,5.128
lifecycle,affected,18,op-0,execution,0.350411,3.632613,0.064165,0.203763,3.282593,0.139598,4.126
lifecycle,affected,18,op-1,context-only,0.0538,3.284686,,,3.231136,,4.126
lifecycle,affected,18,op-2,execution,0.055773,21.305961,,,21.250578,,4.126
lifecycle,affected,19,op-0,execution,0.665459,6.0712,0.057796,0.31643,5.40552,0.258634,12.058
lifecycle,affected,19,op-1,context-only,0.088091,6.341281,,,6.253411,,12.058
lifecycle,affected,19,op-2,execution,0.130744,6.43406,,,6.303526,,12.058
lifecycle,fixed,0,op-0,execution,0.320106,3.597758,0.308038,3.90172,3.277833,3.593682,6.85
lifecycle,fixed,0,op-1,context-only,0.094601,3.360196,,,3.265805,,6.85
lifecycle,fixed,0,op-2,execution,0.156774,3.307587,0.151015,3.344072,3.150984,3.193057,6.85
lifecycle,fixed,1,op-0,execution,0.264192,5.55397,0.253537,5.800837,5.290028,5.5473,6.07
lifecycle,fixed,1,op-1,context-only,0.089543,6.304647,,,6.215194,,6.07
lifecycle,fixed,1,op-2,execution,0.193177,6.391727,0.187289,6.433319,6.19883,6.24603,6.07
lifecycle,fixed,2,op-0,execution,0.330932,10.69433,0.31596,10.995568,10.364669,10.679608,6.39
lifecycle,fixed,2,op-1,context-only,0.095032,11.470496,,,11.376435,,6.39
lifecycle,fixed,2,op-2,execution,0.204815,11.423585,0.193768,11.503814,11.219361,11.310046,6.39
lifecycle,fixed,3,op-0,execution,0.348633,2.658109,0.325328,2.916193,2.309025,2.590865,5.408
lifecycle,fixed,3,op-1,context-only,0.092387,3.255357,,,3.16272,,5.408
lifecycle,fixed,3,op-2,execution,0.140354,3.307239,0.131781,3.367038,3.167246,3.235257,5.408
lifecycle,fixed,4,op-0,execution,0.291304,5.575603,0.279386,5.822981,5.28452,5.543595,6.05
lifecycle,fixed,4,op-1,context-only,0.093569,6.304677,,,6.211198,,6.05
lifecycle,fixed,4,op-2,execution,0.136053,6.355583,0.129423,6.404916,6.21966,6.275493,6.05
lifecycle,fixed,5,op-0,execution,0.290937,10.582805,0.279039,10.805967,10.291989,10.526928,5.648
lifecycle,fixed,5,op-1,context-only,0.088717,11.366531,,,11.278476,,5.648
lifecycle,fixed,5,op-2,execution,0.152111,11.354664,0.14465,11.471838,11.202713,11.327188,5.648
lifecycle,fixed,6,op-0,execution,0.381662,2.857354,0.358628,3.100105,2.475332,2.741477,6.45
lifecycle,fixed,6,op-1,context-only,0.076158,3.301565,,,3.225477,,6.45
lifecycle,fixed,6,op-2,execution,0.137359,3.315646,0.129718,3.364008,3.178477,3.23429,6.45
lifecycle,fixed,7,op-0,execution,0.292365,5.582914,0.255089,5.858123,5.290498,5.603034,3.846
lifecycle,fixed,7,op-1,context-only,0.119017,6.337266,,,6.218599,,3.846
lifecycle,fixed,7,op-2,execution,0.155711,6.62242,0.147179,6.700606,6.46724,6.553427,3.846
lifecycle,fixed,8,op-0,execution,0.224964,10.510843,0.214869,10.719954,10.286089,10.505085,5.908
lifecycle,fixed,8,op-1,context-only,0.088367,11.299813,,,11.211476,,5.908
lifecycle,fixed,8,op-2,execution,0.133954,11.317979,0.128216,11.366812,11.184226,11.238596,5.908
lifecycle,fixed,9,op-0,execution,0.215796,2.447706,0.207213,2.601385,2.232071,2.394172,9.974
lifecycle,fixed,9,op-1,context-only,0.207734,3.402568,,,3.194953,,9.974
lifecycle,fixed,9,op-2,execution,0.106955,3.29004,0.101386,3.325954,3.183266,3.224568,9.974
lifecycle,fixed,10,op-0,execution,0.238139,5.496321,0.228314,5.694435,5.258161,5.466121,10.956
lifecycle,fixed,10,op-1,context-only,0.065593,6.308219,,,6.243137,,10.956
lifecycle,fixed,10,op-2,execution,0.118362,6.313407,0.112633,6.34862,6.195025,6.235987,10.956
lifecycle,fixed,11,op-0,execution,0.252735,10.553176,0.24237,10.754305,10.30058,10.511935,6.29
lifecycle,fixed,11,op-1,context-only,0.078186,11.325004,,,11.247259,,6.29
lifecycle,fixed,11,op-2,execution,0.12848,11.475467,0.122371,11.52418,11.347537,11.401809,6.29
lifecycle,fixed,12,op-0,execution,0.261634,2.524911,0.249806,2.741543,2.263427,2.491737,4.306
lifecycle,fixed,12,op-1,context-only,0.080084,5.827534,,,5.7477,,4.306
lifecycle,fixed,12,op-2,execution,0.149152,3.372396,0.142702,3.417323,3.223285,3.274621,4.306
lifecycle,fixed,13,op-0,execution,0.286721,5.551462,0.276095,5.776517,5.264981,5.500422,6.05
lifecycle,fixed,13,op-1,context-only,0.121936,6.341788,,,6.219932,,6.05
lifecycle,fixed,13,op-2,execution,0.139732,6.369989,0.133463,6.457289,6.230758,6.323826,6.05
lifecycle,fixed,14,op-0,execution,0.253417,10.598614,0.238525,10.802988,10.345428,10.564463,3.706
lifecycle,fixed,14,op-1,context-only,0.081872,11.338245,,,11.256343,,3.706
lifecycle,fixed,14,op-2,execution,0.120139,11.334359,0.1143,11.3824,11.21449,11.2681,3.706
lifecycle,fixed,15,op-0,execution,0.323857,2.634303,0.301453,2.875943,2.310126,2.57449,6.67
lifecycle,fixed,15,op-1,context-only,0.103609,3.280785,,,3.177357,,6.67
lifecycle,fixed,15,op-2,execution,0.13779,3.296839,0.128186,3.344239,3.159219,3.216053,6.67
lifecycle,fixed,16,op-0,execution,0.404322,5.770684,0.378784,6.194495,5.366181,5.815711,4.826
lifecycle,fixed,16,op-1,context-only,0.136644,6.477095,,,6.340432,,4.826
lifecycle,fixed,16,op-2,execution,0.242081,6.521331,0.233338,6.595181,6.27962,6.361843,4.826
lifecycle,fixed,17,op-0,execution,0.230908,10.520493,0.221644,10.71354,10.289765,10.491896,5.988
lifecycle,fixed,17,op-1,context-only,0.09784,11.32835,,,11.23055,,5.988
lifecycle,fixed,17,op-2,execution,0.12799,11.32192,0.12096,11.374018,11.194581,11.253058,5.988
lifecycle,fixed,18,op-0,execution,0.325203,2.631133,0.302499,2.890108,2.305599,2.587609,5.908
lifecycle,fixed,18,op-1,context-only,0.080009,3.299769,,,3.22015,,5.908
lifecycle,fixed,18,op-2,execution,0.139188,3.297134,0.130995,3.343073,3.158157,3.212078,5.908
lifecycle,fixed,19,op-0,execution,0.24144,5.541502,0.232286,5.747369,5.300513,5.515083,4.066
lifecycle,fixed,19,op-1,context-only,0.085978,6.286982,,,6.201123,,4.066
lifecycle,fixed,19,op-2,execution,0.129943,6.306059,0.123964,6.350626,6.176567,6.226662,4.066
parent_ends_first,fixed,0,op-0,both,3.209405,7.444885,-0.010015,7.552885,4.235261,7.5629,6.508
parent_ends_first,fixed,1,op-0,both,3.289614,7.587617,-0.015323,7.769578,4.297163,7.784901,5.408
parent_ends_first,fixed,2,op-0,both,3.214667,7.44484,-0.011227,7.571684,4.230393,7.582911,7.59
parent_ends_first,fixed,3,op-0,both,3.288011,7.629304,-0.017256,7.806408,4.341433,7.823664,9.294
parent_ends_first,fixed,4,op-0,both,3.207971,7.432033,-0.010196,7.529438,4.223952,7.539634,4.688
parent_ends_first,fixed,5,op-0,both,3.197161,7.408745,-0.010906,7.512764,4.211684,7.52367,4.886
parent_ends_first,fixed,6,op-0,both,3.269799,7.488348,-0.011757,7.653714,4.21857,7.665471,4.206
parent_ends_first,fixed,7,op-0,both,3.210244,7.444322,-0.010926,7.554987,4.234007,7.565913,5.308
parent_ends_first,fixed,8,op-0,both,3.224661,7.449285,-0.010946,7.60364,4.224012,7.614586,6.21
parent_ends_first,fixed,9,op-0,both,3.20979,7.427865,-0.012318,7.585775,4.218144,7.598093,12.98
parent_ends_first,fixed,10,op-0,both,3.251036,7.527207,-0.011167,7.679013,4.27573,7.69018,5.468
parent_ends_first,fixed,11,op-0,both,3.208884,7.426127,-0.011146,7.532846,4.217114,7.543992,4.486
parent_ends_first,fixed,12,op-0,both,3.209114,7.44851,-0.011046,7.534317,4.239636,7.545363,4.546
parent_ends_first,fixed,13,op-0,both,3.229678,7.452059,-0.011437,7.596509,4.221179,7.607946,4.706
parent_ends_first,fixed,14,op-0,both,3.222944,7.451083,-0.010345,7.597902,4.226907,7.608247,3.926
parent_ends_first,fixed,15,op-0,both,3.199329,7.486957,-0.011997,7.584712,4.287777,7.596709,6.65
parent_ends_first,fixed,16,op-0,both,3.208838,7.427093,-0.011026,7.539074,4.218054,7.5501,4.166
parent_ends_first,fixed,17,op-0,both,3.773888,7.474501,-0.069433,7.641244,3.699772,7.710677,4.006
parent_ends_first,fixed,18,op-0,both,3.21488,7.489497,-0.012088,7.603718,4.274727,7.615806,6.51
parent_ends_first,fixed,19,op-0,both,3.25833,7.457366,-0.010266,7.647815,4.198596,7.658081,5.048
queue,affected,0,op-0,execution,3.537248,6.761,0.039139,0.188701,3.223571,0.149562,4.066
queue,affected,1,op-0,execution,6.499592,12.730019,0.041462,0.190103,6.230287,0.148641,14.722
queue,affected,2,op-0,execution,11.593485,22.838751,0.040771,0.180829,11.244426,0.140058,4.206
queue,affected,3,op-0,execution,3.658152,6.865523,0.044386,0.211084,3.20611,0.166698,7.772
queue,affected,4,op-0,execution,6.723645,12.977197,0.052558,0.291774,6.253982,0.239216,44.024
queue,affected,5,op-0,execution,11.679207,22.95541,0.041321,0.251744,11.275602,0.210423,5.348
queue,affected,6,op-0,execution,3.551497,6.818577,0.04072,0.189151,3.266969,0.148431,4.906
queue,affected,7,op-0,execution,6.639709,12.810677,0.038166,0.219135,6.170097,0.180969,246.948
queue,affected,8,op-0,execution,11.693089,23.044666,0.039098,0.286827,11.351958,0.247729,3.966
queue,affected,9,op-0,execution,3.529951,6.764893,0.04054,0.200027,3.235002,0.159487,7.51
queue,affected,10,op-0,execution,6.546703,12.851763,0.038297,0.194369,6.30521,0.156072,4.648
queue,affected,11,op-0,execution,11.802496,23.034774,0.041221,0.199056,11.232128,0.157835,5.59
queue,affected,12,op-0,execution,3.612438,6.844565,0.039048,0.176593,3.231626,0.137545,4.286
queue,affected,13,op-0,execution,6.586042,12.769219,0.036985,0.184595,6.181454,0.14761,5.528
queue,affected,14,op-0,execution,11.521327,22.787315,0.04032,0.198775,11.266218,0.158455,12.658
queue,affected,15,op-0,execution,3.560195,6.781266,0.039348,0.191875,3.22098,0.152527,4.608
queue,affected,16,op-0,execution,6.570433,12.797345,0.036714,0.176973,6.227073,0.140259,4.486
queue,affected,17,op-0,execution,11.68827,26.001069,0.044776,0.24888,14.313059,0.204104,4.768
queue,affected,18,op-0,execution,3.594346,7.768819,0.037085,0.169522,4.173892,0.132437,6.17
queue,affected,19,op-0,execution,7.087537,13.354824,0.043354,0.21486,6.267578,0.171506,7.09
queue,fixed,0,op-0,execution,3.538524,6.823191,3.524033,7.029247,3.284676,3.505214,6.57
queue,fixed,1,op-0,execution,6.443784,12.625208,6.433368,12.814479,6.181704,6.381111,3.946
queue,fixed,2,op-0,execution,11.606168,22.756884,11.58701,23.256347,11.151127,11.669337,6.128
queue,fixed,3,op-0,execution,3.585639,6.653363,3.557768,6.904537,3.067203,3.346769,4.286
queue,fixed,4,op-0,execution,6.493564,12.632976,6.472934,12.875978,6.138941,6.403044,6.01
queue,fixed,5,op-0,execution,11.433146,22.62255,11.420267,22.800785,11.189693,11.380518,3.926
queue,fixed,6,op-0,execution,3.449961,6.552706,3.387037,6.72367,3.102655,3.336633,4.446
queue,fixed,7,op-0,execution,6.396183,12.5804,6.385437,12.753076,6.184337,6.367639,3.726
queue,fixed,8,op-0,execution,11.714356,22.947096,11.693555,23.199812,11.233411,11.506257,54.562
queue,fixed,9,op-0,execution,3.477157,6.582956,3.456175,6.824185,3.105529,3.36801,5.768
queue,fixed,10,op-0,execution,6.597755,12.872279,6.566629,13.232665,6.275426,6.666036,3.646
queue,fixed,11,op-0,execution,11.649699,22.865522,11.624932,23.183255,11.216705,11.558323,8.632
queue,fixed,12,op-0,execution,3.470707,6.555355,3.448294,6.887459,3.084077,3.439165,3.946
queue,fixed,13,op-0,execution,6.566437,12.753269,6.541349,12.99556,6.186071,6.454211,3.684
queue,fixed,14,op-0,execution,11.519035,22.700106,11.505414,23.023487,11.181692,11.518073,4.246
queue,fixed,15,op-0,execution,3.437148,6.588966,3.424459,6.797987,3.152129,3.373528,22.154
queue,fixed,16,op-0,execution,6.546452,12.711412,6.5249,12.957248,6.16488,6.432348,6.248
queue,fixed,17,op-0,execution,11.47245,22.623026,11.459601,22.837655,11.150706,11.378054,3.766
queue,fixed,18,op-0,execution,3.720928,6.917318,3.709501,7.082934,3.196589,3.373433,5.308
queue,fixed,19,op-0,execution,6.547979,12.701532,6.524264,12.954468,6.153212,6.430204,46.99
repeat,affected,0,op-0,execution,0.437356,2.69201,0.041191,0.228029,2.254344,0.186838,5.79
repeat,affected,0,op-1,execution,0.087015,3.331882,,,3.244867,,5.79
repeat,affected,0,op-2,execution,0.060985,3.271502,,,3.210556,,5.79
repeat,affected,1,op-0,execution,0.393615,6.762407,0.072247,0.217864,6.368903,0.145617,5.268
repeat,affected,1,op-1,execution,0.092357,6.338628,,,6.246551,,5.268
repeat,affected,1,op-2,execution,0.06109,6.322193,,,6.261322,,5.268
repeat,affected,2,op-0,execution,0.511496,10.882693,0.082182,0.225155,10.370527,0.142973,6.67
repeat,affected,2,op-1,execution,0.090389,11.361195,,,11.270815,,6.67
repeat,affected,2,op-2,execution,0.101095,11.323664,,,11.222829,,6.67
repeat,affected,3,op-0,execution,0.457451,2.749501,0.04728,0.199757,2.29264,0.152477,5.788
repeat,affected,3,op-1,execution,0.08027,3.314942,,,3.234652,,5.788
repeat,affected,3,op-2,execution,0.075263,3.285128,,,3.209875,,5.788
repeat,affected,4,op-0,execution,3.246348,8.533112,0.042563,0.299135,5.286313,0.256572,5.088
repeat,affected,4,op-1,execution,0.092938,6.329834,,,6.236877,,5.088
repeat,affected,4,op-2,execution,0.079258,6.286471,,,6.207273,,5.088
repeat,affected,5,op-0,execution,0.462353,10.787491,0.044366,0.204174,10.325509,0.159808,15.302
repeat,affected,5,op-1,execution,0.115006,11.381364,,,11.266648,,15.302
repeat,affected,5,op-2,execution,0.095437,11.345311,,,11.250233,,15.302
repeat,affected,6,op-0,execution,0.435983,2.734282,0.039639,0.18149,2.297557,0.141851,7.43
repeat,affected,6,op-1,execution,0.079733,8.135644,,,8.056041,,7.43
repeat,affected,6,op-2,execution,0.107474,3.284889,,,3.177405,,7.43
repeat,affected,7,op-0,execution,0.377492,6.708909,0.038998,0.189572,6.331617,0.150574,5.808
repeat,affected,7,op-1,execution,0.091586,6.34697,,,6.255384,,5.808
repeat,affected,7,op-2,execution,0.08101,6.301332,,,6.220473,,5.808
repeat,affected,8,op-0,execution,0.846634,11.169884,0.042143,0.590659,10.323551,0.548516,6.41
repeat,affected,8,op-1,execution,0.10048,11.350353,,,11.249873,,6.41
repeat,affected,8,op-2,execution,0.08664,11.302141,,,11.215791,,6.41
repeat,affected,9,op-0,execution,0.431857,2.722064,0.048582,0.204424,2.289726,0.155842,5.768
repeat,affected,9,op-1,execution,0.105692,3.312783,,,3.207201,,5.768
repeat,affected,9,op-2,execution,0.072794,3.279845,,,3.207131,,5.768
repeat,affected,10,op-0,execution,0.4034,6.712045,0.038888,0.218465,6.308535,0.179577,16.324
repeat,affected,10,op-1,execution,0.088642,6.299101,,,6.210619,,16.324
repeat,affected,10,op-2,execution,0.060691,6.255967,,,6.195467,,16.324
repeat,affected,11,op-0,execution,0.481657,10.80239,0.057266,0.237394,10.321224,0.180128,6.59
repeat,affected,11,op-1,execution,0.091637,11.385177,,,11.293811,,6.59
repeat,affected,11,op-2,execution,0.198395,11.369839,,,11.172045,,6.59
repeat,affected,12,op-0,execution,5.778966,9.970501,0.042773,0.229571,4.191625,0.186798,306.336
repeat,affected,12,op-1,execution,0.09461,3.30134,,,3.206991,,306.336
repeat,affected,12,op-2,execution,0.075983,3.258827,,,3.182845,,306.336
repeat,affected,13,op-0,execution,0.423074,5.667425,0.0737,0.229512,5.2443,0.155812,6.548
repeat,affected,13,op-1,execution,0.081015,6.30357,,,6.222666,,6.548
repeat,affected,13,op-2,execution,0.060084,6.30331,,,6.243657,,6.548
repeat,affected,14,op-0,execution,0.464621,10.800655,0.039118,0.184765,10.336324,0.145647,4.606
repeat,affected,14,op-1,execution,0.159477,11.357484,,,11.198017,,4.606
repeat,affected,14,op-2,execution,0.094411,11.325586,,,11.231687,,4.606
repeat,affected,15,op-0,execution,0.405573,2.705064,0.038117,0.18119,2.29887,0.143073,56.404
repeat,affected,15,op-1,execution,0.084175,3.315952,,,3.232017,,56.404
repeat,affected,15,op-2,execution,0.071015,3.32773,,,3.256744,,56.404
repeat,affected,16,op-0,execution,0.452593,5.7816,0.039579,0.197464,5.328516,0.157885,6.008
repeat,affected,16,op-1,execution,0.16136,6.393139,,,6.232019,,6.008
repeat,affected,16,op-2,execution,0.073289,6.378788,,,6.305589,,6.008
repeat,affected,17,op-0,execution,0.499193,10.829829,0.097355,0.28198,10.331177,0.184625,5.85
repeat,affected,17,op-1,execution,0.104475,11.329271,,,11.224926,,5.85
repeat,affected,17,op-2,execution,0.1409,11.356542,,,11.215832,,5.85
repeat,affected,18,op-0,execution,0.995485,3.346833,0.048321,0.210913,2.350947,0.162592,4.648
repeat,affected,18,op-1,execution,0.099122,3.335106,,,3.235954,,4.648
repeat,affected,18,op-2,execution,0.079954,3.335937,,,3.256033,,4.648
repeat,affected,19,op-0,execution,0.48795,5.797077,0.037255,0.172156,5.308777,0.134901,5.108
repeat,affected,19,op-1,execution,0.103169,6.372894,,,6.269766,,5.108
repeat,affected,19,op-2,execution,0.07755,6.337962,,,6.260672,,5.108
repeat,fixed,0,op-0,execution,0.230243,2.489804,0.220859,2.690413,2.259632,2.469554,5.268
repeat,fixed,0,op-1,execution,0.130945,3.33385,0.124175,3.364255,3.202905,3.24008,5.268
repeat,fixed,0,op-2,execution,0.128962,3.342593,0.123624,3.369563,3.213641,3.245939,5.268
repeat,fixed,1,op-0,execution,0.342634,5.654835,0.317216,5.90717,5.312331,5.589954,6.37
repeat,fixed,1,op-1,execution,0.145071,6.353084,0.134815,6.408046,6.208204,6.273231,6.37
repeat,fixed,1,op-2,execution,0.178561,6.30962,0.169868,6.356289,6.131249,6.186421,6.37
repeat,fixed,2,op-0,execution,0.305785,10.6218,0.283882,10.925652,10.316226,10.64177,19.128
repeat,fixed,2,op-1,execution,0.151996,11.362913,0.14093,11.425806,11.211337,11.284876,19.128
repeat,fixed,2,op-2,execution,0.121852,11.343554,0.113359,11.401631,11.221923,11.288272,19.128
repeat,fixed,3,op-0,execution,0.357131,2.641259,0.335869,2.892373,2.283828,2.556504,46.53
repeat,fixed,3,op-1,execution,0.129903,3.314801,0.122793,3.364245,3.184978,3.241452,46.53
repeat,fixed,3,op-2,execution,0.112307,3.286519,0.105066,3.328522,3.174493,3.223456,46.53
repeat,fixed,4,op-0,execution,0.266502,5.543661,0.257168,5.766192,5.277299,5.509024,6.11
repeat,fixed,4,op-1,execution,0.136258,6.346325,0.129578,6.404462,6.210198,6.274884,6.11
repeat,fixed,4,op-2,execution,0.113439,6.313531,0.10761,6.34615,6.200113,6.23854,6.11
repeat,fixed,5,op-0,execution,1.192715,11.545579,1.178614,11.766758,10.353204,10.588144,7.212
repeat,fixed,5,op-1,execution,0.141616,11.369116,0.133504,11.493601,11.22776,11.360097,7.212
repeat,fixed,5,op-2,execution,0.104951,11.320433,0.098522,11.358209,11.215952,11.259687,7.212
repeat,fixed,6,op-0,execution,0.333025,2.638374,0.311073,2.867274,2.305219,2.556201,6.328
repeat,fixed,6,op-1,execution,0.132648,3.306898,0.124986,3.368059,3.174421,3.243073,6.328
repeat,fixed,6,op-2,execution,0.116313,3.296603,0.109113,3.333288,3.180439,3.224175,6.328
repeat,fixed,7,op-0,execution,0.281219,5.550707,0.271755,5.742312,5.269708,5.470557,5.348
repeat,fixed,7,op-1,execution,0.110405,6.337136,0.103344,6.381091,6.227032,6.277747,5.348
repeat,fixed,7,op-2,execution,0.098207,6.281664,0.092128,6.316926,6.183727,6.224798,5.348
repeat,fixed,8,op-0,execution,0.284779,10.616786,0.273432,10.853638,10.332408,10.580206,6.19
repeat,fixed,8,op-1,execution,0.172602,11.374193,0.146353,11.420692,11.201651,11.274339,6.19
repeat,fixed,8,op-2,execution,0.132612,11.323127,0.12439,11.373763,11.191096,11.249373,6.19
repeat,fixed,9,op-0,execution,0.229881,2.48815,0.220637,2.652615,2.258479,2.431978,5.448
repeat,fixed,9,op-1,execution,0.112417,3.313669,0.106448,3.342642,3.201202,3.236194,5.448
repeat,fixed,9,op-2,execution,0.085977,3.264535,0.08131,3.289282,3.178508,3.207972,5.448
repeat,fixed,10,op-0,execution,0.265033,5.575383,0.255099,5.792636,5.31049,5.537537,6.068
repeat,fixed,10,op-1,execution,0.126628,6.335035,0.120299,6.393552,6.208577,6.273253,6.068
repeat,fixed,10,op-2,execution,0.103583,6.324998,0.098045,6.374202,6.221696,6.276157,6.068
repeat,fixed,11,op-0,execution,0.307147,10.650579,0.296481,11.077674,10.344003,10.781193,5.528
repeat,fixed,11,op-1,execution,0.220403,11.405752,0.211149,11.507183,11.18602,11.296034,5.528
repeat,fixed,11,op-2,execution,0.117941,11.334321,0.111581,11.378667,11.216661,11.267086,5.528
repeat,fixed,12,op-0,execution,0.44319,2.750041,0.419304,3.037729,2.306461,2.618425,7.47
repeat,fixed,12,op-1,execution,0.146088,3.33416,0.137765,3.379758,3.188243,3.241993,7.47
repeat,fixed,12,op-2,execution,0.113179,3.324115,0.106779,3.365106,3.211107,3.258327,7.47
repeat,fixed,13,op-0,execution,0.28236,5.581813,0.270913,5.937512,5.299523,5.666599,8.112
repeat,fixed,13,op-1,execution,0.150844,6.41356,0.143673,6.519547,6.263327,6.375874,8.112
repeat,fixed,13,op-2,execution,0.144144,6.366449,0.137815,6.412798,6.222676,6.274983,8.112
repeat,fixed,14,op-0,execution,0.32639,10.601639,0.316866,10.828697,10.275428,10.511831,31.308
repeat,fixed,14,op-1,execution,0.156913,11.375245,0.149543,11.416526,11.218501,11.266983,31.308
repeat,fixed,14,op-2,execution,0.097841,11.302787,0.092503,11.340213,11.205367,11.24771,31.308
repeat,fixed,15,op-0,execution,0.294218,2.581831,0.281889,2.837851,2.287723,2.555962,63.876
repeat,fixed,15,op-1,execution,0.162783,3.366518,0.156964,3.404254,3.203855,3.24729,63.876
repeat,fixed,15,op-2,execution,0.139558,3.324735,0.13446,3.355882,3.185328,3.221422,63.876
repeat,fixed,16,op-0,execution,0.425669,5.792212,0.394132,6.061462,5.366102,5.66733,4.928
repeat,fixed,16,op-1,execution,0.147876,6.336481,0.140274,6.391533,6.189196,6.251259,4.928
repeat,fixed,16,op-2,execution,0.121607,6.368789,0.114136,6.455709,6.248475,6.341573,4.928
repeat,fixed,17,op-0,execution,0.321734,10.633633,0.31192,10.900019,10.312238,10.588099,6.65
repeat,fixed,17,op-1,execution,0.1412,11.727864,0.131465,11.777418,11.587065,11.645953,6.65
repeat,fixed,17,op-2,execution,0.11435,11.353107,0.10782,11.402911,11.238957,11.295091,6.65
repeat,fixed,18,op-0,execution,0.219131,2.504741,0.210348,2.664598,2.28575,2.45425,5.548
repeat,fixed,18,op-1,execution,0.106343,3.308737,0.100254,3.336918,3.202314,3.236664,5.548
repeat,fixed,18,op-2,execution,0.088647,3.279424,0.084111,3.307105,3.190966,3.222994,5.548
repeat,fixed,19,op-0,execution,3.823782,9.165988,3.800278,9.428068,5.342266,5.62779,119.138
repeat,fixed,19,op-1,execution,0.162897,6.366544,0.154284,6.412222,6.203648,6.257938,119.138
repeat,fixed,19,op-2,execution,0.128126,6.358233,0.121276,6.408848,6.230307,6.287572,119.138
service_async,affected,0,op-0,execution,1.476166,1.502214,1.017183,1.235127,0.025689,0.217944,4.948
service_async,affected,0,op-1,execution,0.549307,0.567544,,,0.018087,,4.948
service_async,affected,0,op-2,execution,0.25506,0.272215,,,0.017136,,4.948
service_async,affected,1,op-0,execution,1.129175,1.158178,0.71272,0.898136,0.028482,0.185416,4.286
service_async,affected,1,op-1,execution,0.58828,0.607509,,,0.019039,,4.286
service_async,affected,1,op-2,execution,0.247933,0.263216,,,0.015212,,4.286
service_async,affected,2,op-0,execution,1.140532,1.167182,0.696697,0.935802,0.026279,0.239105,7.532
service_async,affected,2,op-1,execution,0.64193,0.661599,,,0.019569,,7.532
service_async,affected,2,op-2,execution,0.256156,0.270387,,,0.014201,,7.532
service_async,affected,3,op-0,execution,1.203685,1.228833,0.76697,0.953338,0.024847,0.186368,4.066
service_async,affected,3,op-1,execution,0.568941,0.58795,,,0.018868,,4.066
service_async,affected,3,op-2,execution,0.23838,0.255696,,,0.017246,,4.066
service_async,affected,4,op-0,execution,1.504016,1.562233,0.919688,1.145273,0.056414,0.225585,4.066
service_async,affected,4,op-1,execution,0.802434,0.830625,,,0.027692,,4.066
service_async,affected,4,op-2,execution,0.295909,0.318453,,,0.022243,,4.066
service_async,affected,5,op-0,execution,1.078675,1.105765,0.662105,0.84699,0.026559,0.184885,5.648
service_async,affected,5,op-1,execution,0.592641,0.61153,,,0.018678,,5.648
service_async,affected,5,op-2,execution,0.259666,0.283602,,,0.023685,,5.648
service_async,affected,6,op-0,execution,1.185954,1.257049,0.655975,0.83384,0.069484,0.177865,44.226
service_async,affected,6,op-1,execution,0.682315,0.708354,,,0.025608,,44.226
service_async,affected,6,op-2,execution,0.254498,0.276461,,,0.021732,,44.226
service_async,affected,7,op-0,execution,1.275618,1.343919,0.687552,0.876493,0.066478,0.188941,3.846
service_async,affected,7,op-1,execution,0.635866,0.673402,,,0.037055,,3.846
service_async,affected,7,op-2,execution,0.291534,0.320296,,,0.028313,,3.846
service_async,affected,8,op-0,execution,1.08207,1.10885,0.643608,0.854542,0.026329,0.210934,3.744
service_async,affected,8,op-1,execution,0.564941,0.58469,,,0.019619,,3.744
service_async,affected,8,op-2,execution,0.25589,0.272495,,,0.016395,,3.744
service_async,affected,9,op-0,execution,1.141122,1.169214,0.670868,0.903664,0.02737,0.232796,4.086
service_async,affected,9,op-1,execution,0.609572,0.630233,,,0.020501,,4.086
service_async,affected,9,op-2,execution,0.246091,0.262034,,,0.015884,,4.086
service_async,affected,10,op-0,execution,1.091614,1.117483,0.686922,0.865227,0.025548,0.178305,3.966
service_async,affected,10,op-1,execution,0.520074,0.540103,,,0.01983,,3.966
service_async,affected,10,op-2,execution,0.226237,0.242471,,,0.016104,,3.966
service_async,affected,11,op-0,execution,1.096671,1.123411,0.690217,0.877996,0.025878,0.187779,4.086
service_async,affected,11,op-1,execution,0.704447,0.724197,,,0.019559,,4.086
service_async,affected,11,op-2,execution,0.23498,0.250192,,,0.015133,,4.086
service_async,affected,12,op-0,execution,1.172629,1.229223,0.654093,0.829413,0.054981,0.17532,4.328
service_async,affected,12,op-1,execution,0.590163,0.617985,,,0.027271,,4.328
service_async,affected,12,op-2,execution,0.240663,0.262085,,,0.021151,,4.328
service_async,affected,13,op-0,execution,1.189539,1.235287,0.688424,0.874671,0.044246,0.186247,3.886
service_async,affected,13,op-1,execution,0.585421,0.615867,,,0.030105,,3.886
service_async,affected,13,op-2,execution,0.272225,0.300176,,,0.027451,,3.886
service_async,affected,14,op-0,execution,1.210936,1.238056,0.819028,1.00834,0.02671,0.189312,7.91
service_async,affected,14,op-1,execution,0.846604,0.864571,,,0.017847,,7.91
service_async,affected,14,op-2,execution,0.335344,0.351057,,,0.015623,,7.91
service_async,affected,15,op-0,execution,1.252632,1.281445,0.746009,0.935521,0.028121,0.189512,4.308
service_async,affected,15,op-1,execution,0.678829,0.697637,,,0.018637,,4.308
service_async,affected,15,op-2,execution,0.28293,0.298493,,,0.015423,,4.308
service_async,affected,16,op-0,execution,1.245633,1.273134,0.819909,1.005205,0.02695,0.185296,5.228
service_async,affected,16,op-1,execution,0.636186,0.655545,,,0.019158,,5.228
service_async,affected,16,op-2,execution,0.418157,0.438968,,,0.020511,,5.228
service_async,affected,17,op-0,execution,1.186353,1.236217,0.649224,0.863493,0.047921,0.214269,5.508
service_async,affected,17,op-1,execution,0.580708,0.636,,,0.053409,,5.508
service_async,affected,17,op-2,execution,0.242034,0.263196,,,0.020671,,5.508
service_async,affected,18,op-0,execution,1.189505,1.218408,0.749956,0.943475,0.028192,0.193519,8.514
service_async,affected,18,op-1,execution,0.655601,0.676212,,,0.020341,,8.514
service_async,affected,18,op-2,execution,0.27892,0.296796,,,0.017556,,8.514
service_async,affected,19,op-0,execution,1.473572,1.502835,1.020788,1.258572,0.028813,0.237784,5.268
service_async,affected,19,op-1,execution,0.723966,0.743385,,,0.019279,,5.268
service_async,affected,19,op-2,execution,0.24888,0.264644,,,0.015663,,5.268
service_async,fixed,0,op-0,execution,1.10587,1.142194,1.081353,1.426166,0.035353,0.344813,4.428
service_async,fixed,0,op-1,execution,0.655039,0.67556,0.644874,0.715729,0.02025,0.070855,4.428
service_async,fixed,0,op-2,execution,0.289906,0.306761,0.282665,0.332339,0.016745,0.049674,4.428
service_async,fixed,1,op-0,execution,1.032947,1.056722,1.022251,1.262689,0.023655,0.240438,4.026
service_async,fixed,1,op-1,execution,0.74563,0.765299,0.738309,0.812028,0.019559,0.073719,4.026
service_async,fixed,1,op-2,execution,0.289711,0.305925,0.280928,0.337341,0.016064,0.056413,4.026
service_async,fixed,2,op-0,execution,1.06185,1.094909,1.044524,1.340755,0.032478,0.296231,4.428
service_async,fixed,2,op-1,execution,0.743897,0.771839,0.733201,0.821583,0.027701,0.088382,4.428
service_async,fixed,2,op-2,execution,0.355509,0.378003,0.348419,0.412624,0.022393,0.064205,4.428
service_async,fixed,3,op-0,execution,0.958816,0.98209,0.949952,1.180846,0.023084,0.230894,4.066
service_async,fixed,3,op-1,execution,0.601956,0.619762,0.595736,0.648184,0.017726,0.052448,4.066
service_async,fixed,3,op-2,execution,0.287808,0.3031,0.283231,0.324612,0.015163,0.041381,4.066
service_async,fixed,4,op-0,execution,0.913033,0.936257,0.903889,1.112409,0.023024,0.20852,4.346
service_async,fixed,4,op-1,execution,0.567579,0.585195,0.561389,0.617172,0.017486,0.055783,4.346
service_async,fixed,4,op-2,execution,0.361382,0.376124,0.356725,0.398567,0.014632,0.041842,4.346
service_async,fixed,5,op-0,execution,1.046726,1.073346,1.03557,1.273003,0.026229,0.237433,77.694
service_async,fixed,5,op-1,execution,0.647363,0.66569,0.640623,0.717798,0.018237,0.077175,77.694
service_async,fixed,5,op-2,execution,0.273737,0.289009,0.26906,0.310972,0.015193,0.041912,77.694
service_async,fixed,6,op-0,execution,2.77707,2.801366,2.765633,3.094352,0.024055,0.328719,5.328
service_async,fixed,6,op-1,execution,0.577268,0.593923,0.5717,0.624468,0.016555,0.052768,5.328
service_async,fixed,6,op-2,execution,0.449599,0.466053,0.444231,0.488867,0.016294,0.044636,5.328
service_async,fixed,7,op-0,execution,1.116786,1.142043,1.106771,1.323193,0.025058,0.216422,4.306
service_async,fixed,7,op-1,execution,0.647638,0.667297,0.640387,0.699375,0.019509,0.058988,4.306
service_async,fixed,7,op-2,execution,0.310577,0.33238,0.303296,0.362214,0.021682,0.058918,4.306
service_async,fixed,8,op-0,execution,1.069152,1.104174,1.045827,1.33016,0.033971,0.284333,5.368
service_async,fixed,8,op-1,execution,0.638871,0.658881,0.629497,0.701083,0.01977,0.071586,5.368
service_async,fixed,8,op-2,execution,0.284393,0.493504,0.277493,0.526474,0.208971,0.248981,5.368
service_async,fixed,9,op-0,execution,1.023934,1.080368,0.999327,1.308427,0.055513,0.3091,4.326
service_async,fixed,9,op-1,execution,0.620873,0.646511,0.609086,0.694663,0.025167,0.085577,4.326
service_async,fixed,9,op-2,execution,0.285184,0.30278,0.276191,0.330592,0.017406,0.054401,4.326
service_async,fixed,10,op-0,execution,1.02456,1.058651,1.013473,1.270476,0.03365,0.257003,4.648
service_async,fixed,10,op-1,execution,0.646758,0.665626,0.639687,0.697263,0.018678,0.057576,4.648
service_async,fixed,10,op-2,execution,0.309405,0.330817,0.302926,0.35926,0.021251,0.056334,4.648
service_async,fixed,11,op-0,execution,1.060227,1.09546,1.037103,1.335527,0.034211,0.298424,10.836
service_async,fixed,11,op-1,execution,0.636657,0.702695,0.59847,0.788933,0.065568,0.190463,10.836
service_async,fixed,11,op-2,execution,0.291884,0.30903,0.282841,0.411002,0.017045,0.128161,10.836
service_async,fixed,12,op-0,execution,1.098089,1.133962,1.074303,1.367089,0.034752,0.292786,4.568
service_async,fixed,12,op-1,execution,0.599236,0.619096,0.590173,0.656702,0.01977,0.066529,4.568
service_async,fixed,12,op-2,execution,0.333601,0.349866,0.326491,0.375674,0.016134,0.049183,4.568
service_async,fixed,13,op-0,execution,1.058569,1.094493,1.033402,1.356322,0.035293,0.32292,4.126
service_async,fixed,13,op-1,execution,0.623132,0.644113,0.612577,0.687157,0.020711,0.07458,4.126
service_async,fixed,13,op-2,execution,0.29249,0.309255,0.285009,0.334072,0.016625,0.049063,4.126
service_async,fixed,14,op-0,execution,0.945722,0.969057,0.936879,1.150507,0.023144,0.213628,4.126
service_async,fixed,14,op-1,execution,0.579798,0.596663,0.574079,0.625746,0.016795,0.051667,4.126
service_async,fixed,14,op-2,execution,0.367472,0.382805,0.362475,0.407021,0.015212,0.044546,4.126
service_async,fixed,15,op-0,execution,1.222404,1.245538,1.21286,1.431315,0.022884,0.218455,4.066
service_async,fixed,15,op-1,execution,0.825723,0.842348,0.820075,0.880124,0.016504,0.060049,4.066
service_async,fixed,15,op-2,execution,0.343216,0.358148,0.338519,0.380511,0.014772,0.041992,4.066
service_async,fixed,16,op-0,execution,0.999532,1.030197,0.977058,1.243274,0.030095,0.266216,3.764
service_async,fixed,16,op-1,execution,0.674128,0.69609,0.66248,0.74316,0.021632,0.08068,3.764
service_async,fixed,16,op-2,execution,0.32616,0.344176,0.317707,0.375593,0.017687,0.057886,3.764
service_async,fixed,17,op-0,execution,1.170086,1.215944,1.147292,1.450332,0.044997,0.30304,7.432
service_async,fixed,17,op-1,execution,0.592506,0.612496,0.583352,0.652315,0.01989,0.068963,7.432
service_async,fixed,17,op-2,execution,0.28515,0.300843,0.278159,0.32601,0.015593,0.047851,7.432
service_async,fixed,18,op-0,execution,1.02273,1.053887,0.998484,1.279642,0.030465,0.281158,4.226
service_async,fixed,18,op-1,execution,0.599882,0.620142,0.5921,0.671388,0.02011,0.079288,4.226
service_async,fixed,18,op-2,execution,0.254017,0.268398,0.2493,0.2899,0.014251,0.0406,4.226
service_async,fixed,19,op-0,execution,1.293369,1.318486,1.28091,1.50263,0.024757,0.22172,3.806
service_async,fixed,19,op-1,execution,0.878863,0.89699,0.872133,0.934335,0.017867,0.062202,3.806
service_async,fixed,19,op-2,execution,0.354142,0.369165,0.348824,0.394312,0.014862,0.045488,3.806
service_caller_handles,fixed,0,op-0,execution,0.963258,0.990718,0.953954,2.034,0.027321,1.080046,4.126
service_caller_handles,fixed,0,op-1,execution,0.34688,0.369093,0.34,0.607899,0.022103,0.267899,4.126
service_caller_handles,fixed,0,op-2,execution,0.256786,0.273782,0.251729,0.474991,0.016875,0.223262,4.126
service_caller_handles,fixed,1,op-0,execution,0.904284,0.932276,0.89475,1.907036,0.027861,1.012286,5.288
service_caller_handles,fixed,1,op-1,execution,0.363861,0.385433,0.357451,0.619261,0.021432,0.26181,5.288
service_caller_handles,fixed,1,op-2,execution,0.274828,0.292625,0.26934,0.511801,0.017657,0.242461,5.288
service_caller_handles,fixed,2,op-0,execution,1.041821,1.079857,1.02093,2.398449,0.037255,1.377519,4.106
service_caller_handles,fixed,2,op-1,execution,0.559042,0.603017,0.545812,0.983664,0.043625,0.437852,4.106
service_caller_handles,fixed,2,op-2,execution,0.358834,0.379535,0.350652,0.605581,0.020561,0.254929,4.106
service_caller_handles,fixed,3,op-0,execution,0.971485,1.006927,0.960889,2.245109,0.035173,1.28422,3.846
service_caller_handles,fixed,3,op-1,execution,0.359575,0.399575,0.350392,0.773841,0.039899,0.423449,3.846
service_caller_handles,fixed,3,op-2,execution,0.286866,0.314147,0.280186,0.59877,0.027401,0.318584,3.846
service_caller_handles,fixed,4,op-0,execution,1.127661,1.171506,1.079149,2.555032,0.043214,1.475883,6.088
service_caller_handles,fixed,4,op-1,execution,0.415693,0.443594,0.403955,0.766013,0.027541,0.362058,6.088
service_caller_handles,fixed,4,op-2,execution,0.296786,0.316426,0.286822,0.545516,0.019519,0.258694,6.088
service_caller_handles,fixed,5,op-0,execution,1.012776,1.038735,1.003272,2.015778,0.025828,1.012506,4.468
service_caller_handles,fixed,5,op-1,execution,0.326656,0.348378,0.320677,0.572972,0.021623,0.252295,4.468
service_caller_handles,fixed,5,op-2,execution,0.263422,0.280778,0.258335,0.51054,0.017246,0.252205,4.468
service_caller_handles,fixed,6,op-0,execution,1.027518,1.065815,1.005485,2.361141,0.037466,1.355656,4.488
service_caller_handles,fixed,6,op-1,execution,0.411021,0.436799,0.399924,0.702374,0.025518,0.30245,4.488
service_caller_handles,fixed,6,op-2,execution,0.348597,0.372142,0.338332,0.600061,0.023394,0.261729,4.488
service_caller_handles,fixed,7,op-0,execution,1.010428,1.043727,1.001004,2.489188,0.03319,1.488184,4.206
service_caller_handles,fixed,7,op-1,execution,0.346079,0.368673,0.339529,0.689931,0.022433,0.350402,4.206
service_caller_handles,fixed,7,op-2,execution,0.264178,0.281854,0.25879,0.48722,0.017546,0.22843,4.206
service_caller_handles,fixed,8,op-0,execution,1.050303,1.093417,1.027349,2.56689,0.042123,1.539541,4.206
service_caller_handles,fixed,8,op-1,execution,0.541736,0.574084,0.527084,0.973238,0.031807,0.446154,4.206
service_caller_handles,fixed,8,op-2,execution,0.303601,0.327146,0.291944,0.634434,0.023015,0.34249,4.206
service_caller_handles,fixed,9,op-0,execution,0.960094,0.987404,0.95087,2.164465,0.02715,1.213595,4.928
service_caller_handles,fixed,9,op-1,execution,0.366676,0.38965,0.359915,0.810416,0.022924,0.450501,4.928
service_caller_handles,fixed,9,op-2,execution,0.324884,0.344193,0.319416,0.582497,0.019209,0.263081,4.928
service_caller_handles,fixed,10,op-0,execution,1.048095,1.084469,1.023508,2.393266,0.035513,1.369758,3.946
service_caller_handles,fixed,10,op-1,execution,0.409595,0.435193,0.39994,0.692676,0.025548,0.292736,3.946
service_caller_handles,fixed,10,op-2,execution,0.322115,0.341834,0.314023,0.557064,0.019609,0.243041,3.946
service_caller_handles,fixed,11,op-0,execution,0.907114,0.933424,0.898732,1.89246,0.026149,0.993728,12.098
service_caller_handles,fixed,11,op-1,execution,0.331148,0.35321,0.325039,0.582832,0.021913,0.257793,12.098
service_caller_handles,fixed,11,op-2,execution,0.308264,0.326051,0.303407,0.523194,0.017677,0.219787,12.098
service_caller_handles,fixed,12,op-0,execution,1.054754,1.098008,1.030728,2.540894,0.042613,1.510166,3.866
service_caller_handles,fixed,12,op-1,execution,0.376845,0.421311,0.366299,0.680256,0.044265,0.313957,3.866
service_caller_handles,fixed,12,op-2,execution,0.288334,0.307753,0.280923,0.541721,0.019329,0.260798,3.866
service_caller_handles,fixed,13,op-0,execution,1.124688,1.155814,1.108404,2.357241,0.030745,1.248837,3.926
service_caller_handles,fixed,13,op-1,execution,0.455253,0.476925,0.448483,0.712605,0.021592,0.264122,3.926
service_caller_handles,fixed,13,op-2,execution,0.380201,0.397557,0.375354,0.596192,0.017246,0.220838,3.926
service_caller_handles,fixed,14,op-0,execution,0.884241,0.909879,0.874536,1.899971,0.025438,1.025435,5.468
service_caller_handles,fixed,14,op-1,execution,0.358078,0.379179,0.352149,0.620528,0.020991,0.268379,5.468
service_caller_handles,fixed,14,op-2,execution,0.303407,0.344308,0.298169,0.56077,0.040881,0.262601,5.468
service_caller_handles,fixed,15,op-0,execution,1.152119,1.192499,1.128133,2.565611,0.039679,1.437478,3.686
service_caller_handles,fixed,15,op-1,execution,0.377877,0.403355,0.367632,0.708228,0.025208,0.340596,3.686
service_caller_handles,fixed,15,op-2,execution,0.419089,0.439008,0.411517,0.683702,0.019799,0.272185,3.686
service_caller_handles,fixed,16,op-0,execution,1.213941,1.256895,1.190286,2.667833,0.041863,1.477547,7.412
service_caller_handles,fixed,16,op-1,execution,0.42666,0.451688,0.416585,0.767277,0.024927,0.350692,7.412
service_caller_handles,fixed,16,op-2,execution,0.311538,0.331388,0.303547,0.577154,0.019719,0.273607,7.412
service_caller_handles,fixed,17,op-0,execution,1.137162,1.179074,1.113587,2.575701,0.041141,1.462114,4.306
service_caller_handles,fixed,17,op-1,execution,0.423559,0.452853,0.41054,0.818907,0.028893,0.408367,4.306
service_caller_handles,fixed,17,op-2,execution,0.522317,0.543648,0.513834,0.782594,0.021131,0.26876,4.306
service_caller_handles,fixed,18,op-0,execution,1.013046,1.053897,0.994849,2.474169,0.040189,1.47932,4.808
service_caller_handles,fixed,18,op-1,execution,0.444551,0.47716,0.436279,0.787641,0.032508,0.351362,4.808
service_caller_handles,fixed,18,op-2,execution,0.32256,0.34954,0.31585,0.629626,0.02688,0.313776,4.808
service_caller_handles,fixed,19,op-0,execution,1.982759,2.02329,1.96296,3.470062,0.039799,1.507102,4.146
service_caller_handles,fixed,19,op-1,execution,0.453865,0.491341,0.444721,0.881992,0.037366,0.437271,4.146
service_caller_handles,fixed,19,op-2,execution,0.341738,0.367146,0.334367,0.681113,0.025288,0.346746,4.146
service_default,fixed,0,op-0,context-only,0.877124,0.907169,,,0.029814,,3.766
service_default,fixed,0,op-1,context-only,0.55823,0.582195,,,0.023786,,3.766
service_default,fixed,0,op-2,context-only,0.2425,0.261939,,,0.019259,,3.766
service_default,fixed,1,op-0,context-only,0.89092,0.921575,,,0.030426,,4.146
service_default,fixed,1,op-1,context-only,0.567049,0.586248,,,0.019039,,4.146
service_default,fixed,1,op-2,context-only,0.23229,0.248124,,,0.015663,,4.146
service_default,fixed,2,op-0,context-only,1.202138,1.232584,,,0.030265,,5.208
service_default,fixed,2,op-1,context-only,0.737788,0.763796,,,0.025829,,5.208
service_default,fixed,2,op-2,context-only,0.327187,0.344533,,,0.017176,,5.208
service_default,fixed,3,op-0,context-only,0.856865,0.88704,,,0.029934,,3.164
service_default,fixed,3,op-1,context-only,0.561556,0.581876,,,0.020129,,3.164
service_default,fixed,3,op-2,context-only,0.236071,0.251975,,,0.015723,,3.164
service_default,fixed,4,op-0,context-only,0.967117,1.026505,,,0.058326,,52.198
service_default,fixed,4,op-1,context-only,0.6727,0.698829,,,0.025909,,52.198
service_default,fixed,4,op-2,context-only,0.28948,0.307187,,,0.017516,,52.198
service_default,fixed,5,op-0,context-only,0.861231,0.894811,,,0.033289,,3.886
service_default,fixed,5,op-1,context-only,0.630017,0.649867,,,0.019649,,3.886
service_default,fixed,5,op-2,context-only,0.262631,0.279466,,,0.016625,,3.886
service_default,fixed,6,op-0,context-only,0.909477,0.940984,,,0.031246,,4.306
service_default,fixed,6,op-1,context-only,0.621168,0.641899,,,0.020561,,4.306
service_default,fixed,6,op-2,context-only,0.252429,0.267822,,,0.015312,,4.306
service_default,fixed,7,op-0,context-only,0.982592,1.040689,,,0.057085,,4.846
service_default,fixed,7,op-1,context-only,0.560804,0.587474,,,0.026279,,4.846
service_default,fixed,7,op-2,context-only,0.24839,0.269501,,,0.02049,,4.846
service_default,fixed,8,op-0,context-only,0.945006,0.973999,,,0.028762,,34.11
service_default,fixed,8,op-1,context-only,0.554796,0.574735,,,0.019809,,34.11
service_default,fixed,8,op-2,context-only,0.250212,0.266957,,,0.016575,,34.11
service_default,fixed,9,op-0,context-only,0.897316,0.952958,,,0.054642,,3.866
service_default,fixed,9,op-1,context-only,0.543088,0.569007,,,0.025588,,3.866
service_default,fixed,9,op-2,context-only,0.247829,0.270002,,,0.021803,,3.866
service_default,fixed,10,op-0,context-only,1.029642,1.06179,,,0.031878,,4.126
service_default,fixed,10,op-1,context-only,0.617689,0.648084,,,0.030165,,4.126
service_default,fixed,10,op-2,context-only,0.292175,0.317182,,,0.024807,,4.126
service_default,fixed,11,op-0,context-only,0.913043,0.969417,,,0.054972,,4.266
service_default,fixed,11,op-1,context-only,0.587449,0.61465,,,0.02682,,4.266
service_default,fixed,11,op-2,context-only,0.24524,0.266532,,,0.020911,,4.266
service_default,fixed,12,op-0,context-only,0.968856,1.024078,,,0.05404,,7.07
service_default,fixed,12,op-1,context-only,0.623006,0.65255,,,0.029043,,7.07
service_default,fixed,12,op-2,context-only,0.263281,0.298444,,,0.034792,,7.07
service_default,fixed,13,op-0,context-only,0.831692,0.861746,,,0.029785,,4.428
service_default,fixed,13,op-1,context-only,0.531626,0.552076,,,0.020291,,4.428
service_default,fixed,13,op-2,context-only,0.240673,0.258079,,,0.017195,,4.428
service_default,fixed,14,op-0,context-only,0.962471,1.028049,,,0.063885,,4.608
service_default,fixed,14,op-1,context-only,0.651478,0.678829,,,0.02687,,4.608
service_default,fixed,14,op-2,context-only,0.300196,0.320396,,,0.019739,,4.608
service_default,fixed,15,op-0,context-only,0.883424,0.913629,,,0.030004,,4.286
service_default,fixed,15,op-1,context-only,0.569848,0.589788,,,0.01979,,4.286
service_default,fixed,15,op-2,context-only,0.234679,0.251073,,,0.016254,,4.286
service_default,fixed,16,op-0,context-only,1.150662,1.212184,,,0.060049,,3.966
service_default,fixed,16,op-1,context-only,0.716076,0.750357,,,0.033219,,3.966
service_default,fixed,16,op-2,context-only,0.279476,0.3022,,,0.022364,,3.966
service_default,fixed,17,op-0,context-only,0.916668,0.984139,,,0.065918,,3.946
service_default,fixed,17,op-1,context-only,0.558386,0.583222,,,0.024327,,3.946
service_default,fixed,17,op-2,context-only,0.246282,0.267032,,,0.020361,,3.946
service_default,fixed,18,op-0,context-only,1.036757,1.103015,,,0.064916,,3.846
service_default,fixed,18,op-1,context-only,0.624845,0.651494,,,0.026319,,3.846
service_default,fixed,18,op-2,context-only,0.250187,0.270317,,,0.01989,,3.846
service_default,fixed,19,op-0,context-only,0.93772,0.969427,,,0.031447,,20.11
service_default,fixed,19,op-1,context-only,0.658815,0.678775,,,0.01996,,20.11
service_default,fixed,19,op-2,context-only,0.234934,0.250688,,,0.015653,,20.11
service_sync_corrected,fixed,0,op-0,execution,3.977832,4.008547,3.948067,4.019323,0.029504,0.071256,6.068
service_sync_corrected,fixed,0,op-1,execution,0.472157,0.491696,0.459538,0.496944,0.019178,0.037406,6.068
service_sync_corrected,fixed,0,op-2,execution,0.343346,0.358799,0.333631,0.3729,0.015353,0.039269,6.068
service_sync_corrected,fixed,1,op-0,execution,5.134938,5.16367,5.105314,5.173235,0.027712,0.067921,6.87
service_sync_corrected,fixed,1,op-1,execution,0.64192,0.660818,0.629361,0.665184,0.018658,0.035823,6.87
service_sync_corrected,fixed,1,op-2,execution,0.304026,0.319199,0.294392,0.325438,0.014982,0.031046,6.87
service_sync_corrected,fixed,2,op-0,execution,3.568638,3.590691,3.550902,3.598072,0.021642,0.04717,5.648
service_sync_corrected,fixed,2,op-1,execution,0.396839,0.420224,0.386474,0.424931,0.023244,0.038457,5.648
service_sync_corrected,fixed,2,op-2,execution,0.401987,0.418882,0.392653,0.426584,0.016775,0.033931,5.648
service_sync_corrected,fixed,3,op-0,execution,3.304379,3.326462,3.290959,3.334034,0.021742,0.043075,5.048
service_sync_corrected,fixed,3,op-1,execution,0.383395,0.406459,0.37312,0.411507,0.022965,0.038387,5.048
service_sync_corrected,fixed,3,op-2,execution,0.318479,0.340211,0.309626,0.347822,0.021632,0.038196,5.048
service_sync_corrected,fixed,4,op-0,execution,3.609629,3.632463,3.592574,3.641036,0.022533,0.048462,8.492
service_sync_corrected,fixed,4,op-1,execution,0.411082,0.427867,0.402429,0.431923,0.016625,0.029494,8.492
service_sync_corrected,fixed,4,op-2,execution,0.326596,0.342059,0.318644,0.368138,0.015283,0.049494,8.492
service_sync_corrected,fixed,5,op-0,execution,3.46578,3.487963,3.451058,3.495965,0.021893,0.044907,5.688
service_sync_corrected,fixed,5,op-1,execution,0.624274,0.644414,0.613148,0.648711,0.019979,0.035563,5.688
service_sync_corrected,fixed,5,op-2,execution,0.354012,0.369355,0.34561,0.376296,0.015232,0.030686,5.688
service_sync_corrected,fixed,6,op-0,execution,3.468293,3.490847,3.449275,3.499019,0.021962,0.049744,61.37
service_sync_corrected,fixed,6,op-1,execution,0.376305,0.392549,0.368874,0.396325,0.016083,0.027451,61.37
service_sync_corrected,fixed,6,op-2,execution,0.310687,0.324928,0.304728,0.336375,0.014151,0.031647,61.37
service_sync_corrected,fixed,7,op-0,execution,3.567683,3.591959,3.548084,3.600682,0.023785,0.052598,52.176
service_sync_corrected,fixed,7,op-1,execution,0.431458,0.449264,0.422024,0.4533,0.017646,0.031276,52.176
service_sync_corrected,fixed,7,op-2,execution,0.30569,0.320832,0.296466,0.327702,0.015022,0.031236,52.176
service_sync_corrected,fixed,8,op-0,execution,3.630198,3.654113,3.610048,3.661665,0.023295,0.051617,8.352
service_sync_corrected,fixed,8,op-1,execution,0.478648,0.495563,0.469865,0.537425,0.016785,0.06756,8.352
service_sync_corrected,fixed,8,op-2,execution,0.288635,0.302365,0.282476,0.307683,0.01367,0.025207,8.352
service_sync_corrected,fixed,9,op-0,execution,3.656986,3.687471,3.630046,3.697366,0.029654,0.06732,6.008
service_sync_corrected,fixed,9,op-1,execution,0.437907,0.456825,0.425709,0.461422,0.018808,0.035713,6.008
service_sync_corrected,fixed,9,op-2,execution,0.300923,0.315965,0.290968,0.321994,0.014942,0.031026,6.008
service_sync_corrected,fixed,10,op-0,execution,3.766638,3.796031,3.740018,3.806437,0.028562,0.066419,6.85
service_sync_corrected,fixed,10,op-1,execution,0.487259,0.506047,0.475371,0.510624,0.018547,0.035253,6.85
service_sync_corrected,fixed,10,op-2,execution,0.317968,0.333531,0.307663,0.339991,0.015343,0.032328,6.85
service_sync_corrected,fixed,11,op-0,execution,3.563511,3.592854,3.534577,3.602348,0.028572,0.067771,6.148
service_sync_corrected,fixed,11,op-1,execution,0.433715,0.452683,0.420806,0.45758,0.018858,0.036774,6.148
service_sync_corrected,fixed,11,op-2,execution,0.351854,0.368339,0.341489,0.374738,0.016375,0.033249,6.148
service_sync_corrected,fixed,12,op-0,execution,4.802583,4.903623,4.768933,4.915411,0.100019,0.146478,6.128
service_sync_corrected,fixed,12,op-1,execution,0.450671,0.4706,0.437501,0.475538,0.01987,0.038037,6.128
service_sync_corrected,fixed,12,op-2,execution,0.318194,0.334118,0.307458,0.340167,0.015804,0.032709,6.128
service_sync_corrected,fixed,13,op-0,execution,3.545893,3.569519,3.525193,3.57728,0.023365,0.052087,5.148
service_sync_corrected,fixed,13,op-1,execution,0.430831,0.448187,0.420396,0.452053,0.017185,0.031657,5.148
service_sync_corrected,fixed,13,op-2,execution,0.298925,0.312926,0.292145,0.332615,0.013781,0.04047,5.148
service_sync_corrected,fixed,14,op-0,execution,3.747609,3.777844,3.719157,3.817223,0.029073,0.098066,5.608
service_sync_corrected,fixed,14,op-1,execution,0.555381,0.576142,0.540149,0.581911,0.02037,0.041762,5.608
service_sync_corrected,fixed,14,op-2,execution,0.360031,0.376335,0.349585,0.383055,0.016094,0.03347,5.608
service_sync_corrected,fixed,15,op-0,execution,4.329109,4.352284,4.308088,4.360115,0.022664,0.052027,80.68
service_sync_corrected,fixed,15,op-1,execution,0.50411,0.520474,0.495587,0.5243,0.016264,0.028713,80.68
service_sync_corrected,fixed,15,op-2,execution,0.339946,0.353937,0.333857,0.358884,0.013931,0.025027,80.68
service_sync_corrected,fixed,16,op-0,execution,3.550481,3.579394,3.521839,3.591162,0.027962,0.069323,5.828
service_sync_corrected,fixed,16,op-1,execution,0.425312,0.447716,0.412043,0.451842,0.022073,0.039799,5.828
service_sync_corrected,fixed,16,op-2,execution,0.352174,0.369339,0.341187,0.37659,0.016694,0.035403,5.828
service_sync_corrected,fixed,17,op-0,execution,3.451068,3.47247,3.436887,3.480412,0.021221,0.043525,5.388
service_sync_corrected,fixed,17,op-1,execution,0.398994,0.415618,0.39004,0.419835,0.016494,0.029795,5.388
service_sync_corrected,fixed,17,op-2,execution,0.297322,0.318454,0.28894,0.326416,0.021021,0.037476,5.388
service_sync_corrected,fixed,18,op-0,execution,3.662102,3.685186,3.646358,3.693318,0.022673,0.04696,5.068
service_sync_corrected,fixed,18,op-1,execution,0.404421,0.421477,0.395859,0.425673,0.016895,0.029814,5.068
service_sync_corrected,fixed,18,op-2,execution,0.284002,0.298183,0.277392,0.303792,0.014041,0.0264,5.068
service_sync_corrected,fixed,19,op-0,execution,3.959149,3.987861,3.932529,3.997846,0.028111,0.065317,6.25
service_sync_corrected,fixed,19,op-1,execution,0.55174,0.573242,0.53841,0.57836,0.021312,0.03995,6.25
service_sync_corrected,fixed,19,op-2,execution,0.331352,0.347566,0.321207,0.353826,0.016134,0.032619,6.25
service_sync_gap,fixed,0,op-0,execution,3.986058,4.221088,,,0.234378,,4.408
service_sync_gap,fixed,0,op-1,execution,0.410261,0.430771,,,0.02043,,4.408
service_sync_gap,fixed,0,op-2,execution,0.260938,0.280978,,,0.019709,,4.408
service_sync_gap,fixed,1,op-0,execution,3.473782,3.551277,,,0.075792,,4.346
service_sync_gap,fixed,1,op-1,execution,0.342684,0.371487,,,0.028442,,4.346
service_sync_gap,fixed,1,op-2,execution,0.258469,0.278599,,,0.019929,,4.346
service_sync_gap,fixed,2,op-0,execution,3.322163,3.3537,,,0.031156,,4.066
service_sync_gap,fixed,2,op-1,execution,0.314348,0.333507,,,0.019048,,4.066
service_sync_gap,fixed,2,op-2,execution,0.284293,0.301959,,,0.017466,,4.066
service_sync_gap,fixed,3,op-0,execution,4.179943,4.226061,,,0.045458,,4.386
service_sync_gap,fixed,3,op-1,execution,0.486289,0.518396,,,0.031938,,4.386
service_sync_gap,fixed,3,op-2,execution,0.315735,0.341764,,,0.025838,,4.386
service_sync_gap,fixed,4,op-0,execution,3.70349,3.761576,,,0.056224,,5.728
service_sync_gap,fixed,4,op-1,execution,0.398267,0.428202,,,0.029444,,5.728
service_sync_gap,fixed,4,op-2,execution,0.30648,0.327521,,,0.020821,,5.728
service_sync_gap,fixed,5,op-0,execution,3.396697,3.426882,,,0.029905,,7.572
service_sync_gap,fixed,5,op-1,execution,0.321955,0.341764,,,0.019629,,7.572
service_sync_gap,fixed,5,op-2,execution,0.276677,0.291289,,,0.014521,,7.572
service_sync_gap,fixed,6,op-0,execution,3.689186,3.725671,,,0.036104,,7.832
service_sync_gap,fixed,6,op-1,execution,0.398813,0.594835,,,0.195771,,7.832
service_sync_gap,fixed,6,op-2,execution,0.303691,0.319685,,,0.015883,,7.832
service_sync_gap,fixed,7,op-0,execution,3.794085,3.868225,,,0.072407,,5.006
service_sync_gap,fixed,7,op-1,execution,0.465483,0.515557,,,0.049403,,5.006
service_sync_gap,fixed,7,op-2,execution,0.299305,0.333106,,,0.03336,,5.006
service_sync_gap,fixed,8,op-0,execution,3.493283,3.524309,,,0.030666,,3.986
service_sync_gap,fixed,8,op-1,execution,0.321843,0.33994,,,0.018067,,3.986
service_sync_gap,fixed,8,op-2,execution,0.242284,0.255845,,,0.01353,,3.986
service_sync_gap,fixed,9,op-0,execution,3.446027,3.475691,,,0.029353,,4.346
service_sync_gap,fixed,9,op-1,execution,0.333907,0.353627,,,0.019589,,4.346
service_sync_gap,fixed,9,op-2,execution,0.272435,0.288489,,,0.015923,,4.346
service_sync_gap,fixed,10,op-0,execution,3.348947,3.380033,,,0.030645,,4.146
service_sync_gap,fixed,10,op-1,execution,0.344989,0.367472,,,0.022153,,4.146
service_sync_gap,fixed,10,op-2,execution,0.269576,0.28529,,,0.015584,,4.146
service_sync_gap,fixed,11,op-0,execution,3.669943,3.698966,,,0.028532,,48.472
service_sync_gap,fixed,11,op-1,execution,0.323076,0.343306,,,0.0201,,48.472
service_sync_gap,fixed,11,op-2,execution,0.249225,0.361583,,,0.112307,,48.472
service_sync_gap,fixed,12,op-0,execution,3.863866,3.925899,,,0.06044,,4.146
service_sync_gap,fixed,12,op-1,execution,0.371552,0.400205,,,0.028132,,4.146
service_sync_gap,fixed,12,op-2,execution,0.306265,0.327146,,,0.020591,,4.146
service_sync_gap,fixed,13,op-0,execution,3.868975,3.907232,,,0.037717,,4.206
service_sync_gap,fixed,13,op-1,execution,0.409108,0.537189,,,0.12786,,4.206
service_sync_gap,fixed,13,op-2,execution,0.303401,0.322099,,,0.018548,,4.206
service_sync_gap,fixed,14,op-0,execution,3.50936,3.543501,,,0.03368,,3.866
service_sync_gap,fixed,14,op-1,execution,0.38323,0.404372,,,0.021022,,3.866
service_sync_gap,fixed,14,op-2,execution,0.263802,0.278865,,,0.014983,,3.866
service_sync_gap,fixed,15,op-0,execution,3.372917,3.401078,,,0.027732,,5.128
service_sync_gap,fixed,15,op-1,execution,0.310872,0.32962,,,0.018717,,5.128
service_sync_gap,fixed,15,op-2,execution,0.2761,0.294478,,,0.018197,,5.128
service_sync_gap,fixed,16,op-0,execution,3.282659,3.312914,,,0.029914,,4.326
service_sync_gap,fixed,16,op-1,execution,0.319862,0.340362,,,0.020371,,4.326
service_sync_gap,fixed,16,op-2,execution,0.243708,0.259121,,,0.015322,,4.326
service_sync_gap,fixed,17,op-0,execution,4.54588,4.601954,,,0.054631,,4.046
service_sync_gap,fixed,17,op-1,execution,0.364492,0.392994,,,0.028142,,4.046
service_sync_gap,fixed,17,op-2,execution,0.285255,0.305585,,,0.02014,,4.046
service_sync_gap,fixed,18,op-0,execution,4.783618,4.814204,,,0.030295,,4.646
service_sync_gap,fixed,18,op-1,execution,0.475672,0.49436,,,0.018608,,4.646
service_sync_gap,fixed,18,op-2,execution,0.291969,0.30577,,,0.013751,,4.646
service_sync_gap,fixed,19,op-0,execution,3.578804,3.61005,,,0.030616,,3.966
service_sync_gap,fixed,19,op-1,execution,0.37577,0.399094,,,0.023015,,3.966
service_sync_gap,fixed,19,op-2,execution,0.278315,0.319807,,,0.041221,,3.966
submission_only,fixed,0,op-0,submission,3.223891,7.455216,-0.016825,0.023025,4.231285,0.03985,4.706
submission_only,fixed,1,op-0,submission,3.276049,7.488184,-0.019409,0.056514,4.211975,0.075923,5.67
submission_only,fixed,2,op-0,submission,3.304856,7.511454,-0.01998,0.02712,4.205316,0.0471,14.142
submission_only,fixed,3,op-0,submission,3.248123,7.482091,-0.020831,0.025789,4.233978,0.04662,16.884
submission_only,fixed,4,op-0,submission,3.223885,7.503029,-0.017446,0.023224,4.279274,0.04067,48.332
submission_only,fixed,5,op-0,submission,3.312466,7.54408,-0.022894,0.031346,4.231414,0.05424,18.948
submission_only,fixed,6,op-0,submission,3.218441,7.435324,-0.016685,0.022153,4.216882,0.038838,4.026
submission_only,fixed,7,op-0,submission,3.231026,7.447157,-0.016044,0.022534,4.216101,0.038578,4.426
submission_only,fixed,8,op-0,submission,3.250215,7.525183,-0.018127,0.024427,4.274948,0.042554,4.466
submission_only,fixed,9,op-0,submission,3.226721,7.453679,-0.018327,0.022294,4.227078,0.040621,11.438
submission_only,fixed,10,op-0,submission,3.270826,7.559956,-0.01997,0.024667,4.288329,0.044637,19.67
submission_only,fixed,11,op-0,submission,3.24099,7.465579,-0.016044,0.022724,4.224799,0.038768,4.108
submission_only,fixed,12,op-0,submission,3.284566,7.481138,-0.018748,0.024036,4.195651,0.042784,5.99
submission_only,fixed,13,op-0,submission,3.265969,7.509901,-0.018077,0.022484,4.244293,0.040561,4.626
submission_only,fixed,14,op-0,submission,3.286473,7.519459,-0.021221,0.025969,4.232455,0.04719,5.008
submission_only,fixed,15,op-0,submission,3.258797,7.454022,-0.017346,0.024035,4.194614,0.041381,4.086
submission_only,fixed,16,op-0,submission,3.290425,7.533346,-0.023465,0.031147,4.242771,0.054612,13.98
submission_only,fixed,17,op-0,submission,3.249518,7.48089,-0.017586,0.024887,4.230561,0.042473,4.908
submission_only,fixed,18,op-0,submission,3.293798,7.694303,-0.018537,0.04701,4.399513,0.065547,4.306
submission_only,fixed,19,op-0,submission,3.239197,7.457101,-0.016194,0.023715,4.216842,0.039909,4.746
success,affected,0,op-0,execution,0.395498,3.724517,0.045658,0.206838,3.329059,0.16118,8.192
success,affected,1,op-0,execution,0.495197,5.766508,0.043976,0.242451,5.271411,0.198475,3.906
success,affected,2,op-0,execution,0.526924,10.811561,0.04708,0.254799,10.284708,0.207719,5.568
success,affected,3,op-0,execution,0.403967,2.719401,0.038608,0.168811,2.315815,0.130203,5.628
success,affected,4,op-0,execution,0.475834,5.756438,0.038648,0.194039,5.280104,0.155391,5.708
success,affected,5,op-0,execution,0.486789,10.8415,0.040991,0.202531,10.354741,0.16154,13.72
success,affected,6,op-0,execution,0.388888,2.634008,0.041142,0.189272,2.245079,0.14813,4.646
success,affected,7,op-0,execution,0.435758,5.736161,0.04032,0.18814,5.300262,0.14782,5.268
success,affected,8,op-0,execution,0.452259,10.822355,0.039699,0.18821,10.370668,0.148511,8.932
success,affected,9,op-0,execution,0.357391,3.647776,0.041461,0.195521,3.290554,0.15406,13.018
success,affected,10,op-0,execution,0.573188,6.103606,0.055303,0.233908,5.530297,0.178605,5.69
success,affected,11,op-0,execution,0.43983,10.883375,0.044717,0.198005,10.442863,0.153288,3.864
success,affected,12,op-0,execution,0.402759,2.647948,0.037786,0.168811,2.24523,0.131025,5.368
success,affected,13,op-0,execution,0.392954,5.743933,0.039198,0.180038,5.350749,0.14084,4.366
success,affected,14,op-0,execution,0.42702,10.74085,0.039358,0.200558,10.31411,0.1612,5.368
success,affected,15,op-0,execution,0.496468,2.753856,0.089584,0.227989,2.257278,0.138405,5.348
success,affected,16,op-0,execution,0.415613,5.705941,0.048993,0.203953,5.290239,0.15496,4.326
success,affected,17,op-0,execution,0.457966,11.504006,0.043604,0.213107,11.04644,0.169503,5.308
success,affected,18,op-0,execution,1.099675,3.378621,0.037686,0.415087,2.278336,0.377401,6.23
success,affected,19,op-0,execution,4.270827,9.613363,0.04056,0.229592,5.342336,0.189032,7.77
success,fixed,0,op-0,execution,0.404176,2.716488,0.377877,2.977576,2.312402,2.599699,3.324
success,fixed,1,op-0,execution,0.240948,5.554571,0.232305,5.727679,5.313643,5.495374,40.622
success,fixed,2,op-0,execution,0.462959,10.941314,0.437901,11.219628,10.478736,10.781727,4.826
success,fixed,3,op-0,execution,0.252982,2.558551,0.240834,2.743947,2.30561,2.503113,45.248
success,fixed,4,op-0,execution,0.78029,6.112431,0.757867,6.363575,5.332031,5.605708,5.068
success,fixed,5,op-0,execution,0.361973,10.717887,0.338498,10.985525,10.356013,10.647027,4.928
success,fixed,6,op-0,execution,0.282982,2.521932,0.273417,2.698164,2.239051,2.424747,8.01
success,fixed,7,op-0,execution,0.214549,5.492438,0.206116,5.642591,5.277869,5.436475,11.538
success,fixed,8,op-0,execution,0.411442,10.745094,0.397922,10.991621,10.334224,10.593699,9.694
success,fixed,9,op-0,execution,0.259145,2.510835,0.249121,2.68943,2.251739,2.440309,4.406
success,fixed,10,op-0,execution,0.248835,5.534067,0.238479,5.713123,5.285333,5.474644,4.968
success,fixed,11,op-0,execution,0.357086,10.798688,0.33273,11.087127,10.441862,10.754397,7.27
success,fixed,12,op-0,execution,0.217719,2.471341,0.208906,2.628375,2.253802,2.419469,50.976
success,fixed,13,op-0,execution,0.387756,5.766236,0.371242,5.969098,5.37831,5.597856,8.612
success,fixed,14,op-0,execution,0.243091,10.519444,0.231895,10.741014,10.276914,10.509119,5.928
success,fixed,15,op-0,execution,0.351378,2.640563,0.329716,2.92766,2.288764,2.597944,5.708
success,fixed,16,op-0,execution,0.39313,5.766202,0.367511,6.019348,5.372822,5.651837,4.406
success,fixed,17,op-0,execution,0.22181,10.508881,0.212276,10.705774,10.287292,10.493498,5.468
success,fixed,18,op-0,execution,0.409323,2.73598,0.385618,2.999201,2.326557,2.613583,4.426
success,fixed,19,op-0,execution,0.262751,5.568893,0.253377,5.761339,5.306323,5.507962,4.026
task_keyword,fixed,0,op-0,execution,0.063435,2.538664,,,2.475239,,4.528
task_keyword,fixed,1,op-0,execution,0.063785,5.499871,,,5.436127,,13.46
task_keyword,fixed,2,op-0,execution,0.069243,10.515253,,,10.44603,,12.598
task_keyword,fixed,3,op-0,execution,0.065056,2.462753,,,2.397736,,7.55
task_keyword,fixed,4,op-0,execution,0.075081,5.488232,,,5.413141,,5.388
task_keyword,fixed,5,op-0,execution,0.092908,10.530192,,,10.437355,,5.768
task_keyword,fixed,6,op-0,execution,0.081261,2.533077,,,2.451977,,6.85
task_keyword,fixed,7,op-0,execution,0.066579,5.463146,,,5.397048,,83.404
task_keyword,fixed,8,op-0,execution,0.063114,10.492848,,,10.429733,,9.454
task_keyword,fixed,9,op-0,execution,0.067511,2.434933,,,2.367452,,4.326
task_keyword,fixed,10,op-0,execution,0.066639,5.501143,,,5.434554,,19.91
task_keyword,fixed,11,op-0,execution,0.071416,10.462621,,,10.391215,,4.286
task_keyword,fixed,12,op-0,execution,0.102893,2.50117,,,2.398288,,6.13
task_keyword,fixed,13,op-0,execution,0.070244,5.47289,,,5.402657,,3.886
task_keyword,fixed,14,op-0,execution,0.088492,12.732559,,,12.644037,,6.47
task_keyword,fixed,15,op-0,execution,0.069994,2.745955,,,2.67605,,15.924
task_keyword,fixed,16,op-0,execution,0.06722,5.483536,,,5.416417,,4.586
task_keyword,fixed,17,op-0,execution,0.061762,10.528988,,,10.467256,,365.564
task_keyword,fixed,18,op-0,execution,0.072768,2.48811,,,2.415482,,3.626
task_keyword,fixed,19,op-0,execution,0.083013,5.668962,,,5.586039,,7.45
task_keyword,local-shape-fix,0,op-0,execution,0.128051,2.555161,0.119768,2.606277,2.42711,2.486509,4.486
task_keyword,local-shape-fix,1,op-0,execution,0.127049,5.543807,0.117134,5.588663,5.416748,5.471529,4.326
task_keyword,local-shape-fix,2,op-0,execution,0.122111,10.603913,0.113649,10.66209,10.482053,10.548441,5.128
task_keyword,local-shape-fix,3,op-0,execution,0.108882,2.523555,0.101301,2.563814,2.414662,2.462513,5.268
task_keyword,local-shape-fix,4,op-0,execution,0.107961,5.565739,0.099999,5.617647,5.457859,5.517648,5.368
task_keyword,local-shape-fix,5,op-0,execution,0.183202,10.558671,0.175911,10.606753,10.375459,10.430842,4.006
task_keyword,local-shape-fix,6,op-0,execution,0.097125,2.469803,0.089734,2.510454,2.372659,2.42072,4.186
task_keyword,local-shape-fix,7,op-0,execution,0.100951,5.487983,0.0936,5.551167,5.387113,5.457567,3.644
task_keyword,local-shape-fix,8,op-0,execution,0.117575,10.622581,0.108412,10.681068,10.505346,10.572656,4.548
task_keyword,local-shape-fix,9,op-0,execution,0.107149,2.505086,0.100359,2.543894,2.397937,2.443535,4.046
task_keyword,local-shape-fix,10,op-0,execution,0.137164,5.696394,0.126839,5.760589,5.55921,5.63375,7.01
task_keyword,local-shape-fix,11,op-0,execution,0.1074,10.503755,0.098897,10.559478,10.396355,10.460581,3.906
task_keyword,local-shape-fix,12,op-0,execution,0.120079,2.481722,0.111857,2.529543,2.361753,2.417686,4.506
task_keyword,local-shape-fix,13,op-0,execution,0.129803,5.490607,0.122111,5.531658,5.360774,5.409547,4.668
task_keyword,local-shape-fix,14,op-0,execution,0.105467,10.667527,0.098457,10.719705,10.562091,10.621248,4.066
task_keyword,local-shape-fix,15,op-0,execution,0.107009,2.567529,0.099458,2.610863,2.4605,2.511405,4.386
task_keyword,local-shape-fix,16,op-0,execution,0.130404,5.523256,0.122823,5.575564,5.392942,5.452741,4.326
task_keyword,local-shape-fix,17,op-0,execution,0.1007,10.601241,0.092127,10.64778,10.500531,10.555653,4.106
task_keyword,local-shape-fix,18,op-0,execution,0.106658,2.541329,0.099838,2.588609,2.434881,2.488771,3.946
task_keyword,local-shape-fix,19,op-0,execution,0.141521,5.742472,0.131045,5.824283,5.601121,5.693238,3.804
thread_context,fixed,0,op-0,context-only,0.206147,0.248791,,,0.040781,,4.148
thread_context,fixed,0,op-1,context-only,0.075423,0.087942,,,0.012249,,4.148
thread_context,fixed,0,op-2,context-only,0.042033,0.049244,,,0.00699,,4.148
thread_context,fixed,1,op-0,context-only,0.165957,0.183513,,,0.017335,,6.89
thread_context,fixed,1,op-1,context-only,0.061171,0.070155,,,0.008883,,6.89
thread_context,fixed,1,op-2,context-only,0.043605,0.048732,,,0.005048,,6.89
thread_context,fixed,2,op-0,context-only,0.163994,0.183322,,,0.018908,,13.2
thread_context,fixed,2,op-1,context-only,0.054751,0.063444,,,0.008593,,13.2
thread_context,fixed,2,op-2,context-only,0.032007,0.036514,,,0.004457,,13.2
thread_context,fixed,3,op-0,context-only,0.202947,0.222106,,,0.018908,,4.006
thread_context,fixed,3,op-1,context-only,0.067025,0.076359,,,0.009283,,4.006
thread_context,fixed,3,op-2,context-only,0.041497,0.046295,,,0.004767,,4.006
thread_context,fixed,4,op-0,context-only,0.134535,0.15136,,,0.016544,,3.926
thread_context,fixed,4,op-1,context-only,0.047446,0.055087,,,0.007571,,3.926
thread_context,fixed,4,op-2,context-only,0.028077,0.032223,,,0.004076,,3.926
thread_context,fixed,5,op-0,context-only,0.301839,0.319645,,,0.017587,,4.466
thread_context,fixed,5,op-1,context-only,0.050916,0.059058,,,0.008032,,4.466
thread_context,fixed,5,op-2,context-only,0.028763,0.032729,,,0.003936,,4.466
thread_context,fixed,6,op-0,context-only,0.283993,0.334298,,,0.048392,,4.948
thread_context,fixed,6,op-1,context-only,0.071171,0.088847,,,0.017106,,4.948
thread_context,fixed,6,op-2,context-only,0.043519,0.051902,,,0.008202,,4.948
thread_context,fixed,7,op-0,context-only,0.214633,0.23264,,,0.017726,,4.428
thread_context,fixed,7,op-1,context-only,0.052272,0.060614,,,0.008203,,4.428
thread_context,fixed,7,op-2,context-only,0.029568,0.033684,,,0.004076,,4.428
thread_context,fixed,8,op-0,context-only,0.25556,0.297933,,,0.039889,,4.648
thread_context,fixed,8,op-1,context-only,0.067996,0.088927,,,0.02039,,4.648
thread_context,fixed,8,op-2,context-only,0.046334,0.055718,,,0.009214,,4.648
thread_context,fixed,9,op-0,context-only,0.142517,0.15832,,,0.015543,,4.426
thread_context,fixed,9,op-1,context-only,0.076799,0.085722,,,0.008713,,4.426
thread_context,fixed,9,op-2,context-only,0.028588,0.032915,,,0.004266,,4.426
thread_context,fixed,10,op-0,context-only,0.222836,0.267222,,,0.042303,,4.366
thread_context,fixed,10,op-1,context-only,0.087004,0.102478,,,0.015143,,4.366
thread_context,fixed,10,op-2,context-only,0.04343,0.050961,,,0.007271,,4.366
thread_context,fixed,11,op-0,context-only,0.147745,0.164871,,,0.016795,,12.62
thread_context,fixed,11,op-1,context-only,0.049309,0.057901,,,0.008482,,12.62
thread_context,fixed,11,op-2,context-only,0.040957,0.045283,,,0.004266,,12.62
thread_context,fixed,12,op-0,context-only,0.128662,0.144475,,,0.015493,,12.618
thread_context,fixed,12,op-1,context-only,0.07354,0.081411,,,0.007771,,12.618
thread_context,fixed,12,op-2,context-only,0.029334,0.033179,,,0.003755,,12.618
thread_context,fixed,13,op-0,context-only,0.177064,0.196863,,,0.019439,,14.942
thread_context,fixed,13,op-1,context-only,0.069423,0.078026,,,0.008512,,14.942
thread_context,fixed,13,op-2,context-only,0.029163,0.033169,,,0.003936,,14.942
thread_context,fixed,14,op-0,context-only,0.143328,0.162526,,,0.018828,,15.642
thread_context,fixed,14,op-1,context-only,0.047546,0.056258,,,0.008613,,15.642
thread_context,fixed,14,op-2,context-only,0.028357,0.032563,,,0.004147,,15.642
thread_context,fixed,15,op-0,context-only,0.207018,0.238064,,,0.029915,,3.626
thread_context,fixed,15,op-1,context-only,0.052017,0.064055,,,0.011777,,3.626
thread_context,fixed,15,op-2,context-only,0.041031,0.047811,,,0.00679,,3.626
thread_context,fixed,16,op-0,context-only,0.152827,0.169262,,,0.016254,,3.946
thread_context,fixed,16,op-1,context-only,0.061362,0.069364,,,0.007932,,3.946
thread_context,fixed,16,op-2,context-only,0.042623,0.04694,,,0.004206,,3.946
thread_context,fixed,17,op-0,context-only,0.109092,0.122973,,,0.013781,,4.006
thread_context,fixed,17,op-1,context-only,0.031496,0.037205,,,0.005718,,4.006
thread_context,fixed,17,op-2,context-only,0.021642,0.024827,,,0.003185,,4.006
thread_context,fixed,18,op-0,context-only,0.229356,0.269636,,,0.038577,,15.104
thread_context,fixed,18,op-1,context-only,0.064471,0.077691,,,0.012819,,15.104
thread_context,fixed,18,op-2,context-only,0.066674,0.078311,,,0.011087,,15.104
thread_context,fixed,19,op-0,context-only,0.301083,0.342765,,,0.039439,,3.946
thread_context,fixed,19,op-1,context-only,0.065293,0.078052,,,0.012499,,3.946
thread_context,fixed,19,op-2,context-only,0.06392,0.071261,,,0.007131,,3.946
thread_recreate,fixed,0,op-0,context-only,0.13399,0.150865,,,0.016535,,4.908
thread_recreate,fixed,0,op-1,context-only,0.068141,0.076444,,,0.008252,,4.908
thread_recreate,fixed,0,op-2,context-only,0.145081,0.16406,,,0.018678,,4.908
thread_recreate,fixed,1,op-0,context-only,0.185491,0.223077,,,0.036405,,4.166
thread_recreate,fixed,1,op-1,context-only,0.053234,0.065903,,,0.012379,,4.166
thread_recreate,fixed,1,op-2,context-only,0.118697,0.1276,,,0.008663,,4.166
thread_recreate,fixed,2,op-0,context-only,0.21142,0.249346,,,0.036735,,5.55
thread_recreate,fixed,2,op-1,context-only,0.05051,0.063459,,,0.012719,,5.55
thread_recreate,fixed,2,op-2,context-only,0.107215,0.116769,,,0.009424,,5.55
thread_recreate,fixed,3,op-0,context-only,0.178861,0.197789,,,0.018597,,5.268
thread_recreate,fixed,3,op-1,context-only,0.05686,0.065272,,,0.008253,,5.268
thread_recreate,fixed,3,op-2,context-only,0.179633,0.204329,,,0.023686,,5.268
thread_recreate,fixed,4,op-0,context-only,0.140119,0.155972,,,0.015654,,6.13
thread_recreate,fixed,4,op-1,context-only,0.047801,0.055222,,,0.007331,,6.13
thread_recreate,fixed,4,op-2,context-only,0.178245,0.204043,,,0.024676,,6.13
thread_recreate,fixed,5,op-0,context-only,0.184034,0.202021,,,0.017686,,4.866
thread_recreate,fixed,5,op-1,context-only,0.058227,0.06733,,,0.008983,,4.866
thread_recreate,fixed,5,op-2,context-only,0.101296,0.108897,,,0.007331,,4.866
thread_recreate,fixed,6,op-0,context-only,0.251343,0.293116,,,0.03999,,16.104
thread_recreate,fixed,6,op-1,context-only,0.055733,0.070285,,,0.014261,,16.104
thread_recreate,fixed,6,op-2,context-only,0.121411,0.132027,,,0.010145,,16.104
thread_recreate,fixed,7,op-0,context-only,0.119613,0.135907,,,0.015954,,4.588
thread_recreate,fixed,7,op-1,context-only,0.048948,0.056639,,,0.007591,,4.588
thread_recreate,fixed,7,op-2,context-only,0.084471,0.09042,,,0.005779,,4.588
thread_recreate,fixed,8,op-0,context-only,0.172401,0.191139,,,0.018457,,5.91
thread_recreate,fixed,8,op-1,context-only,0.051732,0.061506,,,0.009654,,5.91
thread_recreate,fixed,8,op-2,context-only,0.211315,0.234229,,,0.022053,,5.91
thread_recreate,fixed,9,op-0,context-only,0.231925,0.271474,,,0.038006,,4.266
thread_recreate,fixed,9,op-1,context-only,0.091987,0.105978,,,0.013711,,4.266
thread_recreate,fixed,9,op-2,context-only,0.118041,0.129268,,,0.011046,,4.266
thread_recreate,fixed,10,op-0,context-only,0.21513,0.256091,,,0.039739,,4.366
thread_recreate,fixed,10,op-1,context-only,0.063574,0.076133,,,0.012148,,4.366
thread_recreate,fixed,10,op-2,context-only,0.110945,0.119518,,,0.008343,,4.366
thread_recreate,fixed,11,op-0,context-only,0.149072,0.167409,,,0.018067,,4.748
thread_recreate,fixed,11,op-1,context-only,0.051487,0.059479,,,0.007912,,4.748
thread_recreate,fixed,11,op-2,context-only,0.089684,0.095963,,,0.006229,,4.748
thread_recreate,fixed,12,op-0,context-only,0.219281,0.258649,,,0.037726,,3.826
thread_recreate,fixed,12,op-1,context-only,0.066164,0.080585,,,0.013991,,3.826
thread_recreate,fixed,12,op-2,context-only,0.121636,0.130569,,,0.008502,,3.826
thread_recreate,fixed,13,op-0,context-only,0.194645,0.236838,,,0.04032,,4.086
thread_recreate,fixed,13,op-1,context-only,0.053174,0.065703,,,0.012128,,4.086
thread_recreate,fixed,13,op-2,context-only,0.125973,0.134826,,,0.008653,,4.086
thread_recreate,fixed,14,op-0,context-only,0.194139,0.212696,,,0.018317,,5.428
thread_recreate,fixed,14,op-1,context-only,0.049474,0.056834,,,0.007291,,5.428
thread_recreate,fixed,14,op-2,context-only,0.122822,0.130153,,,0.00713,,5.428
thread_recreate,fixed,15,op-0,context-only,0.18799,0.226667,,,0.037326,,15.724
thread_recreate,fixed,15,op-1,context-only,0.068502,0.08061,,,0.011857,,15.724
thread_recreate,fixed,15,op-2,context-only,0.146377,0.166477,,,0.019419,,15.724
thread_recreate,fixed,16,op-0,context-only,0.19574,0.230662,,,0.03363,,9.756
thread_recreate,fixed,16,op-1,context-only,0.059288,0.072487,,,0.012939,,9.756
thread_recreate,fixed,16,op-2,context-only,0.123359,0.133334,,,0.009674,,9.756
thread_recreate,fixed,17,op-0,context-only,0.228616,0.266011,,,0.035723,,5.328
thread_recreate,fixed,17,op-1,context-only,0.115598,0.136889,,,0.02062,,5.328
thread_recreate,fixed,17,op-2,context-only,0.111616,0.122742,,,0.010837,,5.328
thread_recreate,fixed,18,op-0,context-only,0.206377,0.273216,,,0.065658,,5.328
thread_recreate,fixed,18,op-1,context-only,0.064737,0.078507,,,0.01351,,5.328
thread_recreate,fixed,18,op-2,context-only,0.114401,0.123184,,,0.008643,,5.328
thread_recreate,fixed,19,op-0,context-only,0.214349,0.260898,,,0.044797,,5.768
thread_recreate,fixed,19,op-1,context-only,0.06701,0.086068,,,0.018647,,5.768
thread_recreate,fixed,19,op-2,context-only,0.116353,0.128351,,,0.011697,,5.768
thread_uninstrument_live,fixed,0,op-0,context-only,0.34621,0.394151,,,0.046009,,4.406
thread_uninstrument_live,fixed,0,op-1,context-only,0.089328,0.102658,,,0.013089,,4.406
thread_uninstrument_live,fixed,0,op-2,context-only,0.044291,0.052503,,,0.007982,,4.406
thread_uninstrument_live,fixed,1,op-0,context-only,0.577805,0.619747,,,0.04071,,8.132
thread_uninstrument_live,fixed,1,op-1,context-only,0.087806,0.104251,,,0.016084,,8.132
thread_uninstrument_live,fixed,1,op-2,context-only,0.035607,0.046103,,,0.010235,,8.132
thread_uninstrument_live,fixed,2,op-0,context-only,0.165907,0.18181,,,0.015654,,20.93
thread_uninstrument_live,fixed,2,op-1,context-only,0.063083,0.071656,,,0.008533,,20.93
thread_uninstrument_live,fixed,2,op-2,context-only,0.039739,0.045988,,,0.00621,,20.93
thread_uninstrument_live,fixed,3,op-0,context-only,0.231674,0.24854,,,0.016555,,4.386
thread_uninstrument_live,fixed,3,op-1,context-only,0.064075,0.072016,,,0.007852,,4.386
thread_uninstrument_live,fixed,3,op-2,context-only,0.043755,0.048742,,,0.004937,,4.386
thread_uninstrument_live,fixed,4,op-0,context-only,0.217068,0.254464,,,0.036104,,7.59
thread_uninstrument_live,fixed,4,op-1,context-only,0.063269,0.074927,,,0.011407,,7.59
thread_uninstrument_live,fixed,4,op-2,context-only,0.037071,0.045664,,,0.008383,,7.59
thread_uninstrument_live,fixed,5,op-0,context-only,1.902951,1.940276,,,0.036023,,5.168
thread_uninstrument_live,fixed,5,op-1,context-only,0.077505,0.090274,,,0.012538,,5.168
thread_uninstrument_live,fixed,5,op-2,context-only,0.043705,0.053159,,,0.009224,,5.168
thread_uninstrument_live,fixed,6,op-0,context-only,0.145741,0.162426,,,0.016384,,5.088
thread_uninstrument_live,fixed,6,op-1,context-only,0.0575,0.067015,,,0.009504,,5.088
thread_uninstrument_live,fixed,6,op-2,context-only,0.056058,0.062427,,,0.006269,,5.088
thread_uninstrument_live,fixed,7,op-0,context-only,0.174535,0.209787,,,0.033681,,14.822
thread_uninstrument_live,fixed,7,op-1,context-only,0.06376,0.07757,,,0.01333,,14.822
thread_uninstrument_live,fixed,7,op-2,context-only,0.038662,0.047355,,,0.008462,,14.822
thread_uninstrument_live,fixed,8,op-0,context-only,0.146739,0.164525,,,0.017305,,4.066
thread_uninstrument_live,fixed,8,op-1,context-only,0.04727,0.055362,,,0.008011,,4.066
thread_uninstrument_live,fixed,8,op-2,context-only,0.026539,0.031447,,,0.004847,,4.066
thread_uninstrument_live,fixed,9,op-0,context-only,0.467675,0.503689,,,0.034862,,4.608
thread_uninstrument_live,fixed,9,op-1,context-only,0.069203,0.082393,,,0.012699,,4.608
thread_uninstrument_live,fixed,9,op-2,context-only,0.031247,0.040951,,,0.009384,,4.608
thread_uninstrument_live,fixed,10,op-0,context-only,0.217128,0.273572,,,0.054782,,3.924
thread_uninstrument_live,fixed,10,op-1,context-only,0.053925,0.066584,,,0.012319,,3.924
thread_uninstrument_live,fixed,10,op-2,context-only,0.03686,0.045373,,,0.008333,,3.924
thread_uninstrument_live,fixed,11,op-0,context-only,0.145116,0.160649,,,0.015353,,10.756
thread_uninstrument_live,fixed,11,op-1,context-only,0.048652,0.056273,,,0.007531,,10.756
thread_uninstrument_live,fixed,11,op-2,context-only,0.026039,0.030816,,,0.004667,,10.756
thread_uninstrument_live,fixed,12,op-0,context-only,0.141911,0.157634,,,0.015533,,14.02
thread_uninstrument_live,fixed,12,op-1,context-only,0.034922,0.041141,,,0.006239,,14.02
thread_uninstrument_live,fixed,12,op-2,context-only,0.022103,0.026049,,,0.003936,,14.02
thread_uninstrument_live,fixed,13,op-0,context-only,0.166252,0.186682,,,0.02012,,6.07
thread_uninstrument_live,fixed,13,op-1,context-only,0.052573,0.061687,,,0.008964,,6.07
thread_uninstrument_live,fixed,13,op-2,context-only,0.027595,0.032733,,,0.005017,,6.07
thread_uninstrument_live,fixed,14,op-0,context-only,0.193722,0.230287,,,0.035322,,2.202
thread_uninstrument_live,fixed,14,op-1,context-only,0.065512,0.078552,,,0.012819,,2.202
thread_uninstrument_live,fixed,14,op-2,context-only,0.038232,0.046334,,,0.007882,,2.202
thread_uninstrument_live,fixed,15,op-0,context-only,0.187093,0.252971,,,0.064626,,13.28
thread_uninstrument_live,fixed,15,op-1,context-only,0.074476,0.087886,,,0.01318,,13.28
thread_uninstrument_live,fixed,15,op-2,context-only,0.0366,0.045453,,,0.02672,,13.28
thread_uninstrument_live,fixed,16,op-0,context-only,0.129843,0.145746,,,0.015553,,14.904
thread_uninstrument_live,fixed,16,op-1,context-only,0.048442,0.056804,,,0.008282,,14.904
thread_uninstrument_live,fixed,16,op-2,context-only,0.028502,0.03373,,,0.005148,,14.904
thread_uninstrument_live,fixed,17,op-0,context-only,0.361362,0.407141,,,0.044176,,7.27
thread_uninstrument_live,fixed,17,op-1,context-only,0.096439,0.111231,,,0.014561,,7.27
thread_uninstrument_live,fixed,17,op-2,context-only,0.076148,0.086173,,,0.009774,,7.27
thread_uninstrument_live,fixed,18,op-0,context-only,0.181395,0.220974,,,0.037756,,9.254
thread_uninstrument_live,fixed,18,op-1,context-only,0.052162,0.064701,,,0.012348,,9.254
thread_uninstrument_live,fixed,18,op-2,context-only,0.038553,0.047085,,,0.008302,,9.254
thread_uninstrument_live,fixed,19,op-0,context-only,0.17469,0.194931,,,0.01997,,17.226
thread_uninstrument_live,fixed,19,op-1,context-only,0.053339,0.062333,,,0.008883,,17.226
thread_uninstrument_live,fixed,19,op-2,context-only,0.02721,0.032328,,,0.005037,,17.226
unknown_intent,fixed,0,op-0,unknown,3.210897,7.443773,-0.021983,7.59614,4.232777,7.618123,5.168
unknown_intent,fixed,1,op-0,unknown,3.193,7.426347,-0.022674,7.640415,4.232556,7.663089,5.748
unknown_intent,fixed,2,op-0,unknown,3.269504,7.437886,-0.016724,7.605054,4.16708,7.621778,6.07
unknown_intent,fixed,3,op-0,unknown,3.221873,7.452496,-0.023055,7.573255,4.230914,7.59631,38.878
unknown_intent,fixed,4,op-0,unknown,3.231146,7.443881,-0.017445,7.584531,4.211974,7.601976,4.748
unknown_intent,fixed,5,op-0,unknown,3.232213,7.465299,-0.017135,7.583149,4.233347,7.600284,4.568
unknown_intent,fixed,6,op-0,unknown,3.241386,7.467792,-0.016595,7.619123,4.225696,7.635718,5.488
unknown_intent,fixed,7,op-0,unknown,3.20743,7.441437,-0.018328,7.558131,4.233957,7.576459,8.374
unknown_intent,fixed,8,op-0,unknown,3.505984,7.558221,-0.018738,7.733953,4.051385,7.752691,3.544
unknown_intent,fixed,9,op-0,unknown,3.240105,7.477989,-0.017126,7.632984,4.237093,7.65011,3.966
unknown_intent,fixed,10,op-0,unknown,3.345171,7.663455,-0.021372,7.85841,4.317763,7.879782,7.692
unknown_intent,fixed,11,op-0,unknown,3.235313,7.467068,-0.017345,7.641257,4.230924,7.658602,5.368
unknown_intent,fixed,12,op-0,unknown,3.249874,7.45575,-0.021662,7.61033,4.204344,7.631992,6.188
unknown_intent,fixed,13,op-0,unknown,3.249138,7.454743,-0.023285,7.616759,4.204904,7.640044,4.326
unknown_intent,fixed,14,op-0,unknown,3.234542,7.453707,-0.016024,7.595798,4.219125,7.611822,5.388
unknown_intent,fixed,15,op-0,unknown,3.189514,7.419555,-0.016575,7.525954,4.229822,7.542529,5.49
unknown_intent,fixed,16,op-0,unknown,3.250976,7.489731,-0.023514,7.655998,4.238054,7.679512,61.01
unknown_intent,fixed,17,op-0,unknown,3.337654,7.569968,-0.02022,7.727372,4.232244,7.747592,6.628
unknown_intent,fixed,18,op-0,unknown,3.238085,7.467765,-0.021632,7.587524,4.229489,7.609156,40.44
unknown_intent,fixed,19,op-0,unknown,3.239805,7.487062,-0.017315,7.640125,4.245865,7.65744,5.188
service_background_corrected,fixed,0,op-0,execution,3.67781,3.700143,3.660894,3.707854,0.022053,0.04696,48.492
service_background_corrected,fixed,0,op-1,execution,0.465242,0.527845,0.456028,0.536308,0.062503,0.08028,48.492
service_background_corrected,fixed,0,op-2,execution,0.394537,0.4169,0.385113,0.421808,0.022213,0.036695,48.492
service_background_corrected,fixed,1,op-0,execution,3.212459,3.23356,3.198638,3.241212,0.020931,0.042574,4.146
service_background_corrected,fixed,1,op-1,execution,0.420255,0.436549,0.411402,0.440405,0.016154,0.029003,4.146
service_background_corrected,fixed,1,op-2,execution,0.305725,0.319826,0.299786,0.32287,0.014011,0.023084,4.146
service_background_corrected,fixed,2,op-0,execution,3.796186,3.82592,3.765601,3.836145,0.028762,0.070544,4.206
service_background_corrected,fixed,2,op-1,execution,0.455077,0.474145,0.441957,0.478772,0.018878,0.036815,4.206
service_background_corrected,fixed,2,op-2,execution,0.581375,0.59808,0.570629,0.602507,0.016474,0.031878,4.206
service_background_corrected,fixed,3,op-0,execution,3.606889,3.635802,3.577836,3.645096,0.028182,0.06726,4.346
service_background_corrected,fixed,3,op-1,execution,0.525096,0.549493,0.508882,0.55464,0.024046,0.045758,4.346
service_background_corrected,fixed,3,op-2,execution,0.353891,0.372229,0.343396,0.376315,0.018207,0.032919,4.346
service_background_corrected,fixed,4,op-0,execution,3.566915,3.589639,3.546725,3.597881,0.022273,0.051156,3.786
service_background_corrected,fixed,4,op-1,execution,0.670837,0.689715,0.660472,0.694122,0.018778,0.03365,3.786
service_background_corrected,fixed,4,op-2,execution,0.339324,0.354197,0.332064,0.357461,0.014772,0.025397,3.786
service_background_corrected,fixed,5,op-0,execution,3.621446,3.643909,3.606043,3.652101,0.022163,0.046058,3.766
service_background_corrected,fixed,5,op-1,execution,0.445452,0.462277,0.437189,0.466443,0.016675,0.029254,3.766
service_background_corrected,fixed,5,op-2,execution,0.330171,0.344252,0.306265,0.347707,0.014031,0.041442,3.766
service_background_corrected,fixed,6,op-0,execution,3.544653,3.566195,3.529631,3.573276,0.021321,0.043645,4.588
service_background_corrected,fixed,6,op-1,execution,0.408108,0.425053,0.400116,0.428939,0.016795,0.028823,4.588
service_background_corrected,fixed,6,op-2,execution,0.311474,0.325024,0.305715,0.327968,0.0135,0.022253,4.588
service_background_corrected,fixed,7,op-0,execution,3.952078,3.983385,3.920211,3.995092,0.030465,0.074881,5.268
service_background_corrected,fixed,7,op-1,execution,0.535156,0.556438,0.521977,0.561375,0.021051,0.039398,5.268
service_background_corrected,fixed,7,op-2,execution,0.374687,0.392624,0.364632,0.39672,0.017826,0.032088,5.268
service_background_corrected,fixed,8,op-0,execution,4.490479,4.521395,4.407576,4.5317,0.030055,0.124124,4.988
service_background_corrected,fixed,8,op-1,execution,1.103562,1.124263,1.089361,1.12902,0.020481,0.039659,4.988
service_background_corrected,fixed,8,op-2,execution,0.45731,0.473895,0.446544,0.478351,0.016464,0.031807,4.988
service_background_corrected,fixed,9,op-0,execution,4.655619,4.678463,4.636821,4.686936,0.022433,0.050115,3.866
service_background_corrected,fixed,9,op-1,execution,0.56817,0.584374,0.559857,0.587979,0.016104,0.028122,3.866
service_background_corrected,fixed,9,op-2,execution,0.432659,0.44669,0.425468,0.450205,0.013981,0.024737,3.866
service_background_corrected,fixed,10,op-0,execution,3.551292,3.573505,3.53649,3.581186,0.021913,0.044696,3.926
service_background_corrected,fixed,10,op-1,execution,0.429979,0.446424,0.421507,0.45049,0.016274,0.028983,3.926
service_background_corrected,fixed,10,op-2,execution,0.44384,0.499413,0.43709,0.503188,0.055503,0.066098,3.926
service_background_corrected,fixed,11,op-0,execution,3.711921,3.740423,3.682667,3.749427,0.027531,0.06676,6.108
service_background_corrected,fixed,11,op-1,execution,0.474585,0.493323,0.462037,0.49777,0.018577,0.035733,6.108
service_background_corrected,fixed,11,op-2,execution,0.367466,0.382919,0.357912,0.385994,0.015343,0.028082,6.108
service_background_corrected,fixed,12,op-0,execution,4.218675,4.278785,4.196482,4.28895,0.059639,0.092468,6.07
service_background_corrected,fixed,12,op-1,execution,0.501656,0.52458,0.49075,0.529057,0.022754,0.038307,6.07
service_background_corrected,fixed,12,op-2,execution,0.333726,0.353245,0.325825,0.357291,0.019438,0.031466,6.07
service_background_corrected,fixed,13,op-0,execution,3.37167,3.394073,3.356437,3.401434,0.021973,0.044997,3.926
service_background_corrected,fixed,13,op-1,execution,0.399629,0.417055,0.391056,0.420861,0.017256,0.029805,3.926
service_background_corrected,fixed,13,op-2,execution,0.430896,0.445448,0.423956,0.448803,0.014461,0.024847,3.926
service_background_corrected,fixed,14,op-0,execution,3.371084,3.393067,3.356282,3.399747,0.021682,0.043465,4.808
service_background_corrected,fixed,14,op-1,execution,0.428668,0.445103,0.420536,0.448608,0.016305,0.028072,4.808
service_background_corrected,fixed,14,op-2,execution,0.306887,0.320457,0.300918,0.323391,0.01351,0.022473,4.808
service_background_corrected,fixed,15,op-0,execution,3.303655,3.325367,3.289964,3.332447,0.021382,0.042483,3.946
service_background_corrected,fixed,15,op-1,execution,0.42361,0.439564,0.415188,0.44345,0.015814,0.028262,3.946
service_background_corrected,fixed,15,op-2,execution,0.310471,0.324172,0.304563,0.327276,0.01362,0.022713,3.946
service_background_corrected,fixed,16,op-0,execution,3.68761,3.718476,3.659088,3.729132,0.029784,0.070044,4.368
service_background_corrected,fixed,16,op-1,execution,0.541591,0.563453,0.52741,0.568491,0.021773,0.041081,4.368
service_background_corrected,fixed,16,op-2,execution,0.387341,0.403926,0.377146,0.407641,0.016455,0.030495,4.368
service_background_corrected,fixed,17,op-0,execution,3.665958,3.695862,3.637285,3.705507,0.028823,0.068222,5.108
service_background_corrected,fixed,17,op-1,execution,0.503253,0.523984,0.489483,0.529833,0.02049,0.04035,5.108
service_background_corrected,fixed,17,op-2,execution,0.347902,0.364778,0.337517,0.368894,0.016615,0.031377,5.108
service_background_corrected,fixed,18,op-0,execution,3.789317,3.821425,3.760394,3.831359,0.031146,0.070965,5.048
service_background_corrected,fixed,18,op-1,execution,0.455708,0.474105,0.442879,0.478622,0.018177,0.035743,5.048
service_background_corrected,fixed,18,op-2,execution,0.354347,0.370271,0.343692,0.373866,0.015743,0.030174,5.048
service_background_corrected,fixed,19,op-0,execution,3.354263,3.374824,3.339361,3.382285,0.02041,0.042924,4.666
service_background_corrected,fixed,19,op-1,execution,0.390546,0.406329,0.382143,0.409884,0.015683,0.027741,4.666
service_background_corrected,fixed,19,op-2,execution,0.33329,0.348473,0.327572,0.351697,0.015093,0.024125,4.666
service_background_gap,fixed,0,op-0,execution,3.900868,3.936801,,,0.035482,,4.408
service_background_gap,fixed,0,op-1,execution,0.495192,0.518406,,,0.022904,,4.408
service_background_gap,fixed,0,op-2,execution,0.326081,0.341183,,,0.015002,,4.408
service_background_gap,fixed,1,op-0,execution,3.523665,3.55359,,,0.029694,,4.306
service_background_gap,fixed,1,op-1,execution,0.361482,0.392948,,,0.031327,,4.306
service_background_gap,fixed,1,op-2,execution,0.292359,0.312298,,,0.019869,,4.306
service_background_gap,fixed,2,op-0,execution,3.837087,3.900191,,,0.060781,,4.246
service_background_gap,fixed,2,op-1,execution,0.42354,0.464621,,,0.040591,,4.246
service_background_gap,fixed,2,op-2,execution,0.320366,0.339805,,,0.019228,,4.246
service_background_gap,fixed,3,op-0,execution,3.594943,3.625479,,,0.030205,,3.886
service_background_gap,fixed,3,op-1,execution,0.386811,0.405559,,,0.018608,,3.886
service_background_gap,fixed,3,op-2,execution,0.286541,0.300722,,,0.014121,,3.886
service_background_gap,fixed,4,op-0,execution,3.592189,3.64678,,,0.053259,,4.368
service_background_gap,fixed,4,op-1,execution,0.430816,0.459378,,,0.028092,,4.368
service_background_gap,fixed,4,op-2,execution,0.300151,0.320281,,,0.019889,,4.368
service_background_gap,fixed,5,op-0,execution,3.612828,3.672978,,,0.058707,,3.846
service_background_gap,fixed,5,op-1,execution,0.431431,0.466173,,,0.034381,,3.846
service_background_gap,fixed,5,op-2,execution,0.327867,0.34982,,,0.021722,,3.846
service_background_gap,fixed,6,op-0,execution,3.563371,3.618032,,,0.053239,,3.846
service_background_gap,fixed,6,op-1,execution,0.398493,0.424612,,,0.025719,,3.846
service_background_gap,fixed,6,op-2,execution,0.300337,0.320947,,,0.020371,,3.846
service_background_gap,fixed,7,op-0,execution,4.352589,4.405408,,,0.051156,,3.986
service_background_gap,fixed,7,op-1,execution,0.509573,0.537164,,,0.02689,,3.986
service_background_gap,fixed,7,op-2,execution,0.370236,0.390917,,,0.020421,,3.986
service_background_gap,fixed,8,op-0,execution,3.621502,3.656855,,,0.034952,,4.406
service_background_gap,fixed,8,op-1,execution,0.429714,0.449003,,,0.019148,,4.406
service_background_gap,fixed,8,op-2,execution,0.326701,0.341553,,,0.014792,,4.406
service_background_gap,fixed,9,op-0,execution,3.245697,3.277154,,,0.030776,,2.986
service_background_gap,fixed,9,op-1,execution,0.372754,0.45084,,,0.077625,,2.986
service_background_gap,fixed,9,op-2,execution,0.306685,0.322659,,,0.015743,,2.986
service_background_gap,fixed,10,op-0,execution,3.432284,3.462509,,,0.029915,,4.666
service_background_gap,fixed,10,op-1,execution,0.420365,0.441757,,,0.021212,,4.666
service_background_gap,fixed,10,op-2,execution,0.30979,0.333665,,,0.023716,,4.666
service_background_gap,fixed,11,op-0,execution,3.4998,3.552989,,,0.051918,,113.728
service_background_gap,fixed,11,op-1,execution,0.564876,0.589412,,,0.024226,,113.728
service_background_gap,fixed,11,op-2,execution,0.314373,0.336706,,,0.022023,,113.728
service_background_gap,fixed,12,op-0,execution,3.894727,3.950851,,,0.054912,,7.01
service_background_gap,fixed,12,op-1,execution,0.511601,0.545382,,,0.03324,,7.01
service_background_gap,fixed,12,op-2,execution,0.318874,0.340356,,,0.021151,,7.01
service_background_gap,fixed,13,op-0,execution,3.5767,3.619323,,,0.042273,,3.966
service_background_gap,fixed,13,op-1,execution,0.406445,0.434597,,,0.027901,,3.966
service_background_gap,fixed,13,op-2,execution,0.346686,0.371733,,,0.024877,,3.966
service_background_gap,fixed,14,op-0,execution,4.535916,4.566552,,,0.030255,,4.206
service_background_gap,fixed,14,op-1,execution,0.855983,0.876073,,,0.01992,,4.206
service_background_gap,fixed,14,op-2,execution,0.331713,0.349329,,,0.017537,,4.206
service_background_gap,fixed,15,op-0,execution,3.643329,3.70437,,,0.059468,,48.312
service_background_gap,fixed,15,op-1,execution,0.396079,0.42339,,,0.02711,,48.312
service_background_gap,fixed,15,op-2,execution,0.400886,0.422578,,,0.021271,,48.312
service_background_gap,fixed,16,op-0,execution,3.40174,3.431134,,,0.029084,,4.226
service_background_gap,fixed,16,op-1,execution,0.3696,0.389379,,,0.019629,,4.226
service_background_gap,fixed,16,op-2,execution,0.293988,0.309101,,,0.015033,,4.226
service_background_gap,fixed,17,op-0,execution,4.360491,4.422964,,,0.06049,,1.902
service_background_gap,fixed,17,op-1,execution,0.407401,0.434451,,,0.02665,,1.902
service_background_gap,fixed,17,op-2,execution,0.331548,0.350567,,,0.018818,,1.902
service_background_gap,fixed,18,op-0,execution,3.983505,4.029673,,,0.045557,,4.106
service_background_gap,fixed,18,op-1,execution,0.488467,0.517299,,,0.028623,,4.106
service_background_gap,fixed,18,op-2,execution,0.419284,0.444441,,,0.024947,,4.106
service_background_gap,fixed,19,op-0,execution,3.652293,3.715727,,,0.061922,,2.124
service_background_gap,fixed,19,op-1,execution,0.452473,0.478552,,,0.025888,,2.124
service_background_gap,fixed,19,op-2,execution,0.302149,0.321197,,,0.018858,,2.124
