case,revision,repeat,operation,role,entry_ms,exit_ms,span_start_ms,span_end_ms,execution_ms,span_ms,epsilon_us
as_completed_generator,fixed,0,op-0,execution,0.189035,2.722525,,,2.53352,,2.084
as_completed_generator,fixed,0,op-1,execution,0.201364,2.737718,,,2.536374,,2.084
as_completed_generator,fixed,0,op-2,execution,0.148284,2.631588,,,2.483334,,2.084
as_completed_generator,fixed,1,op-0,execution,0.200513,5.659496,,,5.458943,,2.364
as_completed_generator,fixed,1,op-1,execution,0.213092,5.66914,,,5.456029,,2.364
as_completed_generator,fixed,1,op-2,execution,0.159501,5.623812,,,5.464401,,2.364
as_completed_generator,fixed,2,op-0,execution,0.170387,10.718831,,,10.548424,,2.464
as_completed_generator,fixed,2,op-1,execution,0.184328,10.733854,,,10.549536,,2.464
as_completed_generator,fixed,2,op-2,execution,0.135044,10.661354,,,10.52647,,2.464
as_completed_generator,fixed,3,op-0,execution,0.165559,2.633682,,,2.468112,,3.826
as_completed_generator,fixed,3,op-1,execution,0.179511,2.643867,,,2.464357,,3.826
as_completed_generator,fixed,3,op-2,execution,0.127342,2.586801,,,2.459459,,3.826
as_completed_generator,fixed,4,op-0,execution,0.174153,5.645584,,,5.471411,,3.666
as_completed_generator,fixed,4,op-1,execution,0.18576,5.657251,,,5.471552,,3.666
as_completed_generator,fixed,4,op-2,execution,0.134442,5.606324,,,5.471892,,3.666
as_completed_generator,fixed,5,op-0,execution,0.172531,10.793428,,,10.620947,,2.484
as_completed_generator,fixed,5,op-1,execution,0.186011,10.811114,,,10.625084,,2.484
as_completed_generator,fixed,5,op-2,execution,0.134493,10.723813,,,10.58946,,2.484
as_completed_generator,fixed,6,op-0,execution,0.189315,3.054646,,,2.865351,,5.508
as_completed_generator,fixed,6,op-1,execution,0.200612,3.066895,,,2.866302,,5.508
as_completed_generator,fixed,6,op-2,execution,0.14625,2.948556,,,2.802356,,5.508
as_completed_generator,fixed,7,op-0,execution,0.174212,5.81163,,,5.637437,,5.81
as_completed_generator,fixed,7,op-1,execution,0.187643,5.831991,,,5.644408,,5.81
as_completed_generator,fixed,7,op-2,execution,0.136035,5.75839,,,5.623006,,5.81
as_completed_generator,fixed,8,op-0,execution,0.177668,10.692095,,,10.514467,,4.308
as_completed_generator,fixed,8,op-1,execution,0.189686,10.70224,,,10.512553,,4.308
as_completed_generator,fixed,8,op-2,execution,0.137317,10.652024,,,10.515108,,4.308
as_completed_generator,fixed,9,op-0,execution,0.173531,2.674417,,,2.500836,,4.186
as_completed_generator,fixed,9,op-1,execution,0.185329,2.714208,,,2.528868,,4.186
as_completed_generator,fixed,9,op-2,execution,0.133952,2.632975,,,2.499454,,4.186
as_completed_generator,fixed,10,op-0,execution,0.195727,5.660714,,,5.464957,,3.906
as_completed_generator,fixed,10,op-1,execution,0.208657,5.672472,,,5.463835,,3.906
as_completed_generator,fixed,10,op-2,execution,0.158021,5.614494,,,5.456484,,3.906
as_completed_generator,fixed,11,op-0,execution,0.17875,10.852261,,,10.673521,,5.308
as_completed_generator,fixed,11,op-1,execution,0.188544,10.861895,,,10.673392,,5.308
as_completed_generator,fixed,11,op-2,execution,0.137317,10.783398,,,10.646821,,5.308
as_completed_generator,fixed,12,op-0,execution,0.171398,2.644417,,,2.472998,,4.626
as_completed_generator,fixed,12,op-1,execution,0.183867,2.653651,,,2.469794,,4.626
as_completed_generator,fixed,12,op-2,execution,0.132269,2.600201,,,2.468062,,4.626
as_completed_generator,fixed,13,op-0,execution,0.165038,5.61732,,,5.452251,,2.064
as_completed_generator,fixed,13,op-1,execution,0.177347,5.627566,,,5.450249,,2.064
as_completed_generator,fixed,13,op-2,execution,0.127512,5.580755,,,5.453283,,2.064
as_completed_generator,fixed,14,op-0,execution,0.166991,10.64366,,,10.47671,,2.604
as_completed_generator,fixed,14,op-1,execution,0.179911,10.653996,,,10.474085,,2.604
as_completed_generator,fixed,14,op-2,execution,0.129626,10.609109,,,10.479613,,2.604
as_completed_generator,fixed,15,op-0,execution,0.168454,2.58606,,,2.417606,,4.266
as_completed_generator,fixed,15,op-1,execution,0.183016,2.595294,,,2.412258,,4.266
as_completed_generator,fixed,15,op-2,execution,0.13217,2.553942,,,2.421732,,4.266
as_completed_generator,fixed,16,op-0,execution,0.175484,5.753847,,,5.578342,,4.346
as_completed_generator,fixed,16,op-1,execution,0.188965,5.764063,,,5.575108,,4.346
as_completed_generator,fixed,16,op-2,execution,0.136346,5.717703,,,5.581337,,4.346
as_completed_generator,fixed,17,op-0,execution,0.215595,10.687189,,,10.471544,,5.368
as_completed_generator,fixed,17,op-1,execution,0.229497,10.698937,,,10.46942,,5.368
as_completed_generator,fixed,17,op-2,execution,0.176156,10.650654,,,10.474508,,5.368
as_completed_generator,fixed,18,op-0,execution,0.244008,2.907194,,,2.663126,,4.828
as_completed_generator,fixed,18,op-1,execution,0.261104,2.919122,,,2.658018,,4.828
as_completed_generator,fixed,18,op-2,execution,0.187663,2.85806,,,2.670397,,4.828
as_completed_generator,fixed,19,op-0,execution,0.206872,5.653046,,,5.446164,,2.342
as_completed_generator,fixed,19,op-1,execution,0.221113,5.663161,,,5.442028,,2.342
as_completed_generator,fixed,19,op-2,execution,0.167453,5.616821,,,5.449439,,2.342
as_completed_generator,local-shape-fix,0,op-0,execution,0.181234,2.704208,0.173282,2.742285,2.522954,2.569003,3.384
as_completed_generator,local-shape-fix,0,op-1,execution,0.222266,2.779171,0.217679,2.802536,2.556885,2.584857,3.384
as_completed_generator,local-shape-fix,0,op-2,execution,0.244418,2.820422,0.241854,2.841233,2.575984,2.599379,3.384
as_completed_generator,local-shape-fix,1,op-0,execution,0.169756,5.6503,0.162175,5.692334,5.480463,5.530159,3.804
as_completed_generator,local-shape-fix,1,op-1,execution,0.210647,5.73002,0.20596,5.753575,5.519333,5.547615,3.804
as_completed_generator,local-shape-fix,1,op-2,execution,0.234774,5.774147,0.23207,5.819335,5.539373,5.587265,3.804
as_completed_generator,local-shape-fix,2,op-0,execution,0.166271,10.72316,0.159,10.772244,10.556929,10.613244,3.364
as_completed_generator,local-shape-fix,2,op-1,execution,0.206712,10.813516,0.202125,10.838464,10.606834,10.636339,3.364
as_completed_generator,local-shape-fix,2,op-2,execution,0.231449,10.859886,0.228905,10.882039,10.628457,10.653134,3.364
as_completed_generator,local-shape-fix,3,op-0,execution,0.185269,2.689856,0.177678,2.77852,2.504587,2.600842,3.384
as_completed_generator,local-shape-fix,3,op-1,execution,0.224489,2.834355,0.219932,2.861546,2.609896,2.641614,3.384
as_completed_generator,local-shape-fix,3,op-2,execution,0.248615,2.88463,0.246122,2.910189,2.636026,2.664067,3.384
as_completed_generator,local-shape-fix,4,op-0,execution,0.261254,5.98757,0.250968,6.06711,5.726486,5.816142,5.57
as_completed_generator,local-shape-fix,4,op-1,execution,0.315146,6.177046,0.308656,6.211999,5.86197,5.903343,5.57
as_completed_generator,local-shape-fix,4,op-2,execution,0.350188,6.242114,0.346773,6.270737,5.891915,5.923964,5.57
as_completed_generator,local-shape-fix,5,op-0,execution,0.281615,10.818986,0.272852,10.872446,10.537451,10.599594,5.388
as_completed_generator,local-shape-fix,5,op-1,execution,0.328035,10.918586,0.322707,10.944195,10.590541,10.621488,5.388
as_completed_generator,local-shape-fix,5,op-2,execution,0.355076,10.965858,0.352382,10.988982,10.610732,10.6366,5.388
as_completed_generator,local-shape-fix,6,op-0,execution,0.182035,2.828686,0.173572,2.89144,2.646871,2.717868,9.314
as_completed_generator,local-shape-fix,6,op-1,execution,0.223387,2.939803,0.21859,2.965432,2.716386,2.746842,9.314
as_completed_generator,local-shape-fix,6,op-2,execution,0.279702,2.987446,0.276457,3.01012,2.707774,2.733663,9.314
as_completed_generator,local-shape-fix,7,op-0,execution,0.175504,5.688157,0.168013,5.735819,5.512574,5.567806,3.164
as_completed_generator,local-shape-fix,7,op-1,execution,0.217067,5.798724,0.21236,5.824874,5.581738,5.612514,3.164
as_completed_generator,local-shape-fix,7,op-2,execution,0.243107,5.848811,0.240443,5.870714,5.605774,5.630271,3.164
as_completed_generator,local-shape-fix,8,op-0,execution,0.243798,10.82198,0.233772,10.8882,10.578493,10.654428,4.346
as_completed_generator,local-shape-fix,8,op-1,execution,0.289917,10.943143,0.28516,10.968632,10.653226,10.683472,4.346
as_completed_generator,local-shape-fix,8,op-2,execution,0.314975,10.991336,0.312492,11.01379,10.676331,10.701298,4.346
as_completed_generator,local-shape-fix,9,op-0,execution,0.173081,2.677638,0.164979,2.729506,2.504557,2.564527,2.904
as_completed_generator,local-shape-fix,9,op-1,execution,0.214664,2.768045,0.209907,2.79146,2.553411,2.581553,2.904
as_completed_generator,local-shape-fix,9,op-2,execution,0.241124,2.8112,0.237308,2.832121,2.570086,2.594813,2.904
as_completed_generator,local-shape-fix,10,op-0,execution,0.179531,5.690532,0.17236,5.735069,5.511012,5.562709,69.264
as_completed_generator,local-shape-fix,10,op-1,execution,0.253953,5.770973,0.248455,5.794629,5.51696,5.546174,69.264
as_completed_generator,local-shape-fix,10,op-2,execution,0.279582,5.81515,0.277048,5.836782,5.535548,5.559734,69.264
as_completed_generator,local-shape-fix,11,op-0,execution,0.203998,10.823352,0.195184,10.923133,10.619605,10.727949,3.726
as_completed_generator,local-shape-fix,11,op-1,execution,0.246201,10.980079,0.241424,11.008421,10.733928,10.766997,3.726
as_completed_generator,local-shape-fix,11,op-2,execution,0.270077,11.031997,0.267413,11.055973,10.76195,10.78856,3.726
as_completed_generator,local-shape-fix,12,op-0,execution,0.204669,2.681034,0.196747,2.723688,2.476355,2.526941,4.346
as_completed_generator,local-shape-fix,12,op-1,execution,0.246842,2.763808,0.241895,2.787945,2.516976,2.54605,4.346
as_completed_generator,local-shape-fix,12,op-2,execution,0.27214,2.808305,0.269476,2.829247,2.536134,2.559771,4.346
as_completed_generator,local-shape-fix,13,op-0,execution,0.176146,5.66962,0.168274,5.714437,5.493454,5.546163,4.046
as_completed_generator,local-shape-fix,13,op-1,execution,0.217478,5.756561,0.212871,5.781348,5.539083,5.568477,4.046
as_completed_generator,local-shape-fix,13,op-2,execution,0.242305,5.802289,0.239461,5.825124,5.559964,5.585663,4.046
as_completed_generator,local-shape-fix,14,op-0,execution,0.173351,10.68267,0.165279,10.731113,10.509598,10.565834,3.606
as_completed_generator,local-shape-fix,14,op-1,execution,0.216296,10.785985,0.211519,10.811103,10.569669,10.599584,3.606
as_completed_generator,local-shape-fix,14,op-2,execution,0.240563,10.832215,0.237779,10.854129,10.591673,10.61635,3.606
as_completed_generator,local-shape-fix,15,op-0,execution,0.176997,2.709055,0.169436,2.748164,2.532009,2.578728,3.044
as_completed_generator,local-shape-fix,15,op-1,execution,0.217488,2.786802,0.212971,2.810588,2.569285,2.597617,3.044
as_completed_generator,local-shape-fix,15,op-2,execution,0.241274,2.83118,0.23869,2.852863,2.589896,2.614173,3.044
as_completed_generator,local-shape-fix,16,op-0,execution,0.171148,5.645413,0.162865,5.687987,5.474275,5.525122,3.424
as_completed_generator,local-shape-fix,16,op-1,execution,0.213822,5.750282,0.209085,5.77541,5.536499,5.566325,3.424
as_completed_generator,local-shape-fix,16,op-2,execution,0.23863,5.79553,0.235835,5.817523,5.55694,5.581688,3.424
as_completed_generator,local-shape-fix,17,op-0,execution,0.178499,10.738133,0.170837,10.792165,10.559624,10.621328,3.746
as_completed_generator,local-shape-fix,17,op-1,execution,0.220272,10.835991,0.215235,10.86153,10.615729,10.646295,3.746
as_completed_generator,local-shape-fix,17,op-2,execution,0.243528,10.88131,0.240904,10.906598,10.637782,10.665694,3.746
as_completed_generator,local-shape-fix,18,op-0,execution,0.182495,2.674103,0.174433,2.713883,2.491758,2.53945,4.086
as_completed_generator,local-shape-fix,18,op-1,execution,0.221785,2.750398,0.216937,2.772862,2.528603,2.555925,4.086
as_completed_generator,local-shape-fix,18,op-2,execution,0.255946,2.792632,0.253152,2.813564,2.536716,2.560412,4.086
as_completed_generator,local-shape-fix,19,op-0,execution,0.208294,5.741358,0.199451,5.788079,5.533024,5.588628,4.568
as_completed_generator,local-shape-fix,19,op-1,execution,0.250117,5.829461,0.24557,5.854419,5.579384,5.608849,4.568
as_completed_generator,local-shape-fix,19,op-2,execution,0.275285,5.87514,0.272541,5.896803,5.599865,5.624262,4.568
as_completed_list,fixed,0,op-0,execution,0.172079,2.699229,0.164428,2.748424,2.527151,2.583996,6.03
as_completed_list,fixed,0,op-1,execution,0.21192,2.791579,0.207073,2.817018,2.57963,2.609945,6.03
as_completed_list,fixed,0,op-2,execution,0.237428,2.837889,0.234394,2.860133,2.60045,2.625739,6.03
as_completed_list,fixed,1,op-0,execution,0.169646,5.640737,0.161674,5.684574,5.471102,5.5229,3.066
as_completed_list,fixed,1,op-1,execution,0.209436,5.722291,0.204709,5.766487,5.512855,5.561778,3.066
as_completed_list,fixed,1,op-2,execution,0.234684,5.789111,0.23208,5.812186,5.554477,5.580106,3.066
as_completed_list,fixed,2,op-0,execution,0.172059,10.71154,0.163907,10.759302,10.53961,10.595395,6.93
as_completed_list,fixed,2,op-1,execution,0.21244,10.80466,0.207703,10.829147,10.59221,10.621444,6.93
as_completed_list,fixed,2,op-2,execution,0.236917,10.85105,0.234263,10.873494,10.614143,10.639231,6.93
as_completed_list,fixed,3,op-0,execution,0.196296,2.760382,0.188093,2.80503,2.564067,2.616937,5.528
as_completed_list,fixed,3,op-1,execution,0.234404,2.845351,0.229406,2.870609,2.610847,2.641203,5.528
as_completed_list,fixed,3,op-2,execution,0.260182,2.892212,0.257538,2.915747,2.632049,2.658209,5.528
as_completed_list,fixed,4,op-0,execution,0.171619,5.680947,0.164438,5.745654,5.509368,5.581216,3.546
as_completed_list,fixed,4,op-1,execution,0.209266,5.785695,0.204469,5.824894,5.57676,5.620425,3.546
as_completed_list,fixed,4,op-2,execution,0.262916,5.846597,0.259992,5.869501,5.58368,5.609509,3.546
as_completed_list,fixed,5,op-0,execution,0.169846,10.802681,0.162155,10.851756,10.633035,10.689601,3.746
as_completed_list,fixed,5,op-1,execution,0.208285,10.893208,0.203087,10.918296,10.684933,10.715209,3.746
as_completed_list,fixed,5,op-2,execution,0.232591,10.943384,0.229997,11.029193,10.710833,10.799196,3.746
as_completed_list,fixed,6,op-0,execution,0.179681,2.638809,0.17252,2.678509,2.459229,2.505989,3.086
as_completed_list,fixed,6,op-1,execution,0.217248,2.714744,0.21214,2.739241,2.497476,2.527101,3.086
as_completed_list,fixed,6,op-2,execution,0.240733,2.75911,0.236676,2.780543,2.518337,2.543867,3.086
as_completed_list,fixed,7,op-0,execution,0.173171,5.680136,0.165079,5.729771,5.506985,5.564692,2.324
as_completed_list,fixed,7,op-1,execution,0.214083,5.76895,0.209115,5.792385,5.554857,5.58327,2.324
as_completed_list,fixed,7,op-2,execution,0.238309,5.812285,0.235705,5.833587,5.574006,5.597882,2.324
as_completed_list,fixed,8,op-0,execution,0.177377,10.734443,0.169556,10.813102,10.557646,10.643546,3.406
as_completed_list,fixed,8,op-1,execution,0.216206,10.863978,0.211278,10.889918,10.647793,10.67864,3.406
as_completed_list,fixed,8,op-2,execution,0.247814,10.912813,0.24499,10.936238,10.665009,10.691248,3.406
as_completed_list,fixed,9,op-0,execution,0.171479,2.746702,0.163467,2.796137,2.575274,2.63267,5.99
as_completed_list,fixed,9,op-1,execution,0.21219,2.846743,0.207143,2.879763,2.634624,2.67262,5.99
as_completed_list,fixed,9,op-2,execution,0.237067,2.91111,0.234253,2.945352,2.674112,2.711099,5.99
as_completed_list,fixed,10,op-0,execution,0.187933,5.719806,0.180102,5.761679,5.532023,5.581577,2.824
as_completed_list,fixed,10,op-1,execution,0.228805,5.80168,0.223828,5.826517,5.572845,5.602689,2.824
as_completed_list,fixed,10,op-2,execution,0.252901,5.84814,0.250007,5.869702,5.595219,5.619695,2.824
as_completed_list,fixed,11,op-0,execution,0.189536,11.103655,0.180302,11.174933,10.914941,10.994631,5.948
as_completed_list,fixed,11,op-1,execution,0.23238,11.238328,0.227403,11.264898,11.005957,11.037495,5.948
as_completed_list,fixed,11,op-2,execution,0.257308,11.289245,0.254794,11.312991,11.031947,11.058197,5.948
as_completed_list,fixed,12,op-0,execution,0.17916,2.78479,0.171138,2.822106,2.605639,2.650968,3.606
as_completed_list,fixed,12,op-1,execution,0.221724,2.857519,0.216646,2.880894,2.635815,2.664248,3.606
as_completed_list,fixed,12,op-2,execution,0.246591,2.899902,0.243817,2.920734,2.653321,2.676917,3.606
as_completed_list,fixed,13,op-0,execution,0.214954,5.752485,0.206432,5.80865,5.53756,5.602218,4.706
as_completed_list,fixed,13,op-1,execution,0.255115,5.853488,0.250198,5.879316,5.598313,5.629118,4.706
as_completed_list,fixed,13,op-2,execution,0.280814,5.901981,0.27804,5.924925,5.621217,5.646885,4.706
as_completed_list,fixed,14,op-0,execution,0.169265,10.666345,0.161834,10.719666,10.49712,10.557832,3.064
as_completed_list,fixed,14,op-1,execution,0.207332,10.762249,0.202745,10.785925,10.554907,10.58318,3.064
as_completed_list,fixed,14,op-2,execution,0.230618,10.803622,0.227944,10.825505,10.572964,10.597561,3.064
as_completed_list,fixed,15,op-0,execution,0.162385,2.648765,0.155535,2.689326,2.48642,2.533791,2.644
as_completed_list,fixed,15,op-1,execution,0.201624,2.74541,0.196506,2.770387,2.543816,2.573881,2.644
as_completed_list,fixed,15,op-2,execution,0.227634,2.793653,0.224799,2.816378,2.565979,2.591579,2.644
as_completed_list,fixed,16,op-0,execution,0.171669,5.703151,0.161214,5.762771,5.531673,5.601557,8.372
as_completed_list,fixed,16,op-1,execution,0.211019,5.806377,0.206091,5.830924,5.595338,5.624833,8.372
as_completed_list,fixed,16,op-2,execution,0.263327,5.852356,0.260012,5.87541,5.589029,5.615398,8.372
as_completed_list,fixed,17,op-0,execution,0.184878,10.777202,0.176356,10.833187,10.592554,10.656831,3.706
as_completed_list,fixed,17,op-1,execution,0.222986,10.879367,0.218059,10.905426,10.656401,10.687367,3.706
as_completed_list,fixed,17,op-2,execution,0.247273,10.927639,0.244759,10.949302,10.680346,10.704543,3.706
as_completed_list,fixed,18,op-0,execution,0.170307,2.659872,0.162786,2.700683,2.489555,2.537897,3.626
as_completed_list,fixed,18,op-1,execution,0.209095,2.741504,0.204117,2.766261,2.532429,2.562144,3.626
as_completed_list,fixed,18,op-2,execution,0.233893,2.787214,0.231269,2.809447,2.553321,2.578178,3.626
as_completed_list,fixed,19,op-0,execution,0.190998,5.855731,0.182465,5.906758,5.665073,5.724293,4.428
as_completed_list,fixed,19,op-1,execution,0.2318,5.949342,0.226502,5.97442,5.717532,5.747918,4.428
as_completed_list,fixed,19,op-2,execution,0.258109,5.995662,0.254564,6.017444,5.737543,5.76288,4.428
as_completed_list,local-shape-fix,0,op-0,execution,0.191158,2.684608,0.183246,2.730988,2.4934,2.547742,2.844
as_completed_list,local-shape-fix,0,op-1,execution,0.23179,2.768775,0.227093,2.792731,2.536975,2.565638,2.844
as_completed_list,local-shape-fix,0,op-2,execution,0.256707,2.813452,0.253863,2.853863,2.556785,2.6,2.844
as_completed_list,local-shape-fix,1,op-0,execution,0.167373,5.666064,0.160092,5.711302,5.498671,5.55121,1.962
as_completed_list,local-shape-fix,1,op-1,execution,0.209275,5.74984,0.204558,5.775358,5.540635,5.5708,1.962
as_completed_list,local-shape-fix,1,op-2,execution,0.234113,5.797322,0.231449,5.818754,5.563239,5.587305,1.962
as_completed_list,local-shape-fix,2,op-0,execution,0.16545,10.651322,0.158399,10.698753,10.486002,10.540354,2.404
as_completed_list,local-shape-fix,2,op-1,execution,0.206191,10.739264,0.201564,10.787577,10.533072,10.586013,2.404
as_completed_list,local-shape-fix,2,op-2,execution,0.229897,10.809971,0.227443,10.831864,10.580094,10.604421,2.404
as_completed_list,local-shape-fix,3,op-0,execution,0.211589,2.729547,0.203457,2.767944,2.517948,2.564487,4.348
as_completed_list,local-shape-fix,3,op-1,execution,0.256717,2.819492,0.25196,2.852522,2.562845,2.600562,4.348
as_completed_list,local-shape-fix,3,op-2,execution,0.281695,2.881315,0.279061,2.910199,2.5997,2.631138,4.348
as_completed_list,local-shape-fix,4,op-0,execution,0.238159,5.809571,0.230328,5.85506,5.571362,5.624732,5.428
as_completed_list,local-shape-fix,4,op-1,execution,0.279271,5.897023,0.274394,5.921811,5.617721,5.647417,5.428
as_completed_list,local-shape-fix,4,op-2,execution,0.303718,5.943233,0.300774,5.965336,5.639485,5.664562,5.428
as_completed_list,local-shape-fix,5,op-0,execution,0.190307,10.876041,0.181754,10.950613,10.686475,10.768859,3.244
as_completed_list,local-shape-fix,5,op-1,execution,0.232631,11.008692,0.228054,11.034801,10.776101,10.806747,3.244
as_completed_list,local-shape-fix,5,op-2,execution,0.257198,11.058286,0.254474,11.081291,10.801108,10.826817,3.244
as_completed_list,local-shape-fix,6,op-0,execution,0.242146,4.330191,0.231419,4.38221,4.088006,4.150791,4.166
as_completed_list,local-shape-fix,6,op-1,execution,0.303217,4.42899,0.297949,4.454158,4.125772,4.156209,4.166
as_completed_list,local-shape-fix,6,op-2,execution,0.331069,4.476021,0.328225,4.498515,4.144932,4.17029,4.166
as_completed_list,local-shape-fix,7,op-0,execution,0.171819,5.693767,0.164628,5.738023,5.521967,5.573395,3.304
as_completed_list,local-shape-fix,7,op-1,execution,0.213222,5.781218,0.208434,5.805004,5.567976,5.59657,3.304
as_completed_list,local-shape-fix,7,op-2,execution,0.238149,5.826326,0.235595,5.849811,5.588187,5.614216,3.304
as_completed_list,local-shape-fix,8,op-0,execution,0.186981,10.846557,0.178649,10.92824,10.660476,10.749591,3.966
as_completed_list,local-shape-fix,8,op-1,execution,0.226652,10.986789,0.221715,11.012107,10.760167,10.790392,3.966
as_completed_list,local-shape-fix,8,op-2,execution,0.252441,11.034802,0.249557,11.058668,10.782401,10.809111,3.966
as_completed_list,local-shape-fix,9,op-0,execution,0.169055,2.685289,0.161303,2.722455,2.516224,2.561152,2.984
as_completed_list,local-shape-fix,9,op-1,execution,0.237418,2.757649,0.23174,2.781174,2.520221,2.549434,2.984
as_completed_list,local-shape-fix,9,op-2,execution,0.266231,2.800113,0.263307,2.820714,2.533871,2.557407,2.984
as_completed_list,local-shape-fix,10,op-0,execution,0.181254,5.672405,0.173662,5.739045,5.491191,5.565383,3.706
as_completed_list,local-shape-fix,10,op-1,execution,0.222616,5.780558,0.218129,5.806146,5.557962,5.588017,3.706
as_completed_list,local-shape-fix,10,op-2,execution,0.24593,5.825905,0.243286,5.849,5.580035,5.605714,3.706
as_completed_list,local-shape-fix,11,op-0,execution,0.170407,10.730693,0.163106,10.779146,10.560357,10.61604,3.686
as_completed_list,local-shape-fix,11,op-1,execution,0.211369,10.823052,0.206882,10.848401,10.611643,10.641519,3.686
as_completed_list,local-shape-fix,11,op-2,execution,0.284458,10.868581,0.281043,10.890253,10.584072,10.60921,3.686
as_completed_list,local-shape-fix,12,op-0,execution,0.301575,2.785181,0.293153,2.827665,2.483525,2.534512,3.604
as_completed_list,local-shape-fix,12,op-1,execution,0.347925,2.864771,0.342877,2.888136,2.516856,2.545259,3.604
as_completed_list,local-shape-fix,12,op-2,execution,0.373804,2.908957,0.370859,2.940214,2.535153,2.569355,3.604
as_completed_list,local-shape-fix,13,op-0,execution,0.171348,5.658322,0.163376,5.700186,5.486804,5.53681,3.504
as_completed_list,local-shape-fix,13,op-1,execution,0.212,5.740627,0.206461,5.765264,5.528627,5.558803,3.504
as_completed_list,local-shape-fix,13,op-2,execution,0.237068,5.785815,0.234283,5.807788,5.548697,5.573505,3.504
as_completed_list,local-shape-fix,14,op-0,execution,0.242515,10.770201,0.233752,10.818805,10.527626,10.585053,4.626
as_completed_list,local-shape-fix,14,op-1,execution,0.293873,10.858625,0.289055,10.882601,10.564692,10.593546,4.626
as_completed_list,local-shape-fix,14,op-2,execution,0.320063,10.904224,0.317499,10.926618,10.584141,10.609119,4.626
as_completed_list,local-shape-fix,15,op-0,execution,0.192841,2.673091,0.183807,2.713763,2.48024,2.529956,4.006
as_completed_list,local-shape-fix,15,op-1,execution,0.233422,2.750538,0.228645,2.773442,2.517126,2.544797,4.006
as_completed_list,local-shape-fix,15,op-2,execution,0.259,2.793733,0.256346,2.814634,2.534663,2.558288,4.006
as_completed_list,local-shape-fix,16,op-0,execution,0.171879,5.653956,0.164508,5.700055,5.482187,5.535547,3.806
as_completed_list,local-shape-fix,16,op-1,execution,0.211819,5.741258,0.207353,5.765775,5.529488,5.558422,3.806
as_completed_list,local-shape-fix,16,op-2,execution,0.235385,5.786466,0.232881,5.807498,5.551121,5.574617,3.806
as_completed_list,local-shape-fix,17,op-0,execution,0.196577,10.799548,0.187714,10.867,10.603212,10.679286,3.546
as_completed_list,local-shape-fix,17,op-1,execution,0.23206,10.91394,0.227373,10.968282,10.68189,10.740909,3.546
as_completed_list,local-shape-fix,17,op-2,execution,0.255556,10.994131,0.252852,11.01999,10.738616,10.767138,3.546
as_completed_list,local-shape-fix,18,op-0,execution,0.16536,2.871065,0.158099,3.074221,2.705765,2.916122,3.504
as_completed_list,local-shape-fix,18,op-1,execution,0.20513,3.347203,0.200533,3.382957,3.142203,3.182424,3.504
as_completed_list,local-shape-fix,18,op-2,execution,0.230127,3.407965,0.227363,3.480594,3.177838,3.253231,3.504
as_completed_list,local-shape-fix,19,op-0,execution,0.195605,5.80839,0.186992,5.863873,5.612784,5.676881,3.346
as_completed_list,local-shape-fix,19,op-1,execution,0.236496,5.911414,0.23202,5.936131,5.674928,5.704111,3.346
as_completed_list,local-shape-fix,19,op-2,execution,0.260393,5.957905,0.257849,5.979648,5.697522,5.721799,3.346
as_completed_tuple,fixed,0,op-0,execution,0.186892,2.647682,,,2.46095,,3.706
as_completed_tuple,fixed,0,op-1,execution,0.179731,2.638578,,,2.458858,,3.706
as_completed_tuple,fixed,0,op-2,execution,0.127723,2.591778,,,2.464165,,3.706
as_completed_tuple,fixed,1,op-0,execution,0.190387,5.693677,,,5.50328,,2.846
as_completed_tuple,fixed,1,op-1,execution,0.201694,5.703381,,,5.501697,,2.846
as_completed_tuple,fixed,1,op-2,execution,0.148645,5.652966,,,5.504481,,2.846
as_completed_tuple,fixed,2,op-0,execution,0.171679,10.769758,,,10.598069,,4.346
as_completed_tuple,fixed,2,op-1,execution,0.183327,10.779633,,,10.596306,,4.346
as_completed_tuple,fixed,2,op-2,execution,0.130307,10.729207,,,10.59939,,4.346
as_completed_tuple,fixed,3,op-0,execution,0.165359,2.686852,,,2.521513,,3.344
as_completed_tuple,fixed,3,op-1,execution,0.177818,2.695084,,,2.517256,,3.344
as_completed_tuple,fixed,3,op-2,execution,0.127412,2.654493,,,2.527101,,3.344
as_completed_tuple,fixed,4,op-0,execution,0.180622,5.74878,,,5.568187,,3.746
as_completed_tuple,fixed,4,op-1,execution,0.192981,5.759475,,,5.566514,,3.746
as_completed_tuple,fixed,4,op-2,execution,0.138509,5.70948,,,5.570981,,3.746
as_completed_tuple,fixed,5,op-0,execution,0.184368,10.723752,,,10.539395,,3.586
as_completed_tuple,fixed,5,op-1,execution,0.19892,10.736,,,10.537081,,3.586
as_completed_tuple,fixed,5,op-2,execution,0.142815,10.680547,,,10.538152,,3.586
as_completed_tuple,fixed,6,op-0,execution,0.179651,2.688003,,,2.508383,,4.026
as_completed_tuple,fixed,6,op-1,execution,0.189716,2.695275,,,2.505609,,4.026
as_completed_tuple,fixed,6,op-2,execution,0.136486,2.637157,,,2.500801,,4.026
as_completed_tuple,fixed,7,op-0,execution,0.169465,5.714358,,,5.544962,,1.884
as_completed_tuple,fixed,7,op-1,execution,0.181153,5.723681,,,5.542539,,1.884
as_completed_tuple,fixed,7,op-2,execution,0.127892,5.674878,,,5.547235,,1.884
as_completed_tuple,fixed,8,op-0,execution,0.177177,10.747778,,,10.570611,,2.224
as_completed_tuple,fixed,8,op-1,execution,0.188504,10.757313,,,10.568809,,2.224
as_completed_tuple,fixed,8,op-2,execution,0.135394,10.701629,,,10.566465,,2.224
as_completed_tuple,fixed,9,op-0,execution,0.210848,2.69833,,,2.487481,,44.828
as_completed_tuple,fixed,9,op-1,execution,0.194553,2.678669,,,2.484077,,44.828
as_completed_tuple,fixed,9,op-2,execution,0.139841,2.631088,,,2.491237,,44.828
as_completed_tuple,fixed,10,op-0,execution,0.161614,5.666861,,,5.505197,,2.162
as_completed_tuple,fixed,10,op-1,execution,0.173932,5.677507,,,5.503595,,2.162
as_completed_tuple,fixed,10,op-2,execution,0.123516,5.629224,,,5.505808,,2.162
as_completed_tuple,fixed,11,op-0,execution,0.251769,10.805976,,,10.554157,,3.104
as_completed_tuple,fixed,11,op-1,execution,0.264018,10.816512,,,10.552514,,3.104
as_completed_tuple,fixed,11,op-2,execution,0.204047,10.760708,,,10.55688,,3.104
as_completed_tuple,fixed,12,op-0,execution,0.222275,2.797268,,,2.574923,,3.986
as_completed_tuple,fixed,12,op-1,execution,0.236837,2.80503,,,2.568163,,3.986
as_completed_tuple,fixed,12,op-2,execution,0.136656,2.759361,,,2.622815,,3.986
as_completed_tuple,fixed,13,op-0,execution,0.167512,5.691953,,,5.524451,,4.868
as_completed_tuple,fixed,13,op-1,execution,0.179721,5.703281,,,5.52357,,4.868
as_completed_tuple,fixed,13,op-2,execution,0.1264,5.647176,,,5.521126,,4.868
as_completed_tuple,fixed,14,op-0,execution,0.155034,10.596009,,,10.440965,,2.304
as_completed_tuple,fixed,14,op-1,execution,0.169546,10.606935,,,10.437409,,2.304
as_completed_tuple,fixed,14,op-2,execution,0.117397,10.561897,,,10.444611,,2.304
as_completed_tuple,fixed,15,op-0,execution,0.188194,2.627623,,,2.439489,,3.584
as_completed_tuple,fixed,15,op-1,execution,0.201434,2.638098,,,2.436645,,3.584
as_completed_tuple,fixed,15,op-2,execution,0.148394,2.583646,,,2.435252,,3.584
as_completed_tuple,fixed,16,op-0,execution,0.170116,5.694087,,,5.524001,,3.446
as_completed_tuple,fixed,16,op-1,execution,0.181003,5.70261,,,5.521637,,3.446
as_completed_tuple,fixed,16,op-2,execution,0.130516,5.655589,,,5.525112,,3.446
as_completed_tuple,fixed,17,op-0,execution,0.162575,10.634557,,,10.471942,,3.666
as_completed_tuple,fixed,17,op-1,execution,0.175314,10.665243,,,10.490009,,3.666
as_completed_tuple,fixed,17,op-2,execution,0.125069,10.598273,,,10.473204,,3.666
as_completed_tuple,fixed,18,op-0,execution,0.206922,2.703548,,,2.496626,,81.424
as_completed_tuple,fixed,18,op-1,execution,0.217999,2.71186,,,2.493901,,81.424
as_completed_tuple,fixed,18,op-2,execution,0.163436,2.664358,,,2.501022,,81.424
as_completed_tuple,fixed,19,op-0,execution,0.167022,5.628138,,,5.461086,,2.304
as_completed_tuple,fixed,19,op-1,execution,0.180813,5.640106,,,5.459313,,2.304
as_completed_tuple,fixed,19,op-2,execution,0.127302,5.594136,,,5.466875,,2.304
as_completed_tuple,local-shape-fix,0,op-0,execution,0.174323,2.733352,0.166361,2.776217,2.558999,2.609856,3.626
as_completed_tuple,local-shape-fix,0,op-1,execution,0.214573,2.812441,0.209686,2.836727,2.597918,2.627041,3.626
as_completed_tuple,local-shape-fix,0,op-2,execution,0.29843,2.85846,0.293202,2.881335,2.55992,2.588133,3.626
as_completed_tuple,local-shape-fix,1,op-0,execution,0.186892,5.758033,0.17897,5.810552,5.571261,5.631582,4.206
as_completed_tuple,local-shape-fix,1,op-1,execution,0.228615,5.852665,0.224018,5.883352,5.62401,5.659334,4.206
as_completed_tuple,local-shape-fix,1,op-2,execution,0.253523,5.905685,0.250768,5.928259,5.652182,5.677491,4.206
as_completed_tuple,local-shape-fix,2,op-0,execution,0.17233,10.787517,0.16523,10.846556,10.615297,10.681326,6.892
as_completed_tuple,local-shape-fix,2,op-1,execution,0.214294,10.894919,0.209196,10.919697,10.680726,10.710501,6.892
as_completed_tuple,local-shape-fix,2,op-2,execution,0.300553,10.94198,0.236717,10.965696,10.641386,10.728979,6.892
as_completed_tuple,local-shape-fix,3,op-0,execution,0.17875,2.733313,0.170758,2.785611,2.554633,2.614853,3.164
as_completed_tuple,local-shape-fix,3,op-1,execution,0.218039,2.828767,0.213262,2.853654,2.610727,2.640392,3.164
as_completed_tuple,local-shape-fix,3,op-2,execution,0.246452,2.876579,0.243848,2.899083,2.630117,2.655235,3.164
as_completed_tuple,local-shape-fix,4,op-0,execution,0.202355,5.92163,0.193502,5.975251,5.719296,5.781749,11.538
as_completed_tuple,local-shape-fix,4,op-1,execution,0.247012,6.023614,0.241844,6.04729,5.776622,5.805446,11.538
as_completed_tuple,local-shape-fix,4,op-2,execution,0.2718,6.068662,0.269005,6.089614,5.796872,5.820609,11.538
as_completed_tuple,local-shape-fix,5,op-0,execution,0.172761,10.762581,0.165249,10.819186,10.590201,10.653937,3.746
as_completed_tuple,local-shape-fix,5,op-1,execution,0.21199,10.868361,0.207373,10.893128,10.656401,10.685755,3.746
as_completed_tuple,local-shape-fix,5,op-2,execution,0.237238,10.915842,0.234524,10.938276,10.678624,10.703752,3.746
as_completed_tuple,local-shape-fix,6,op-0,execution,0.198339,2.749687,0.189816,2.80511,2.551477,2.615294,3.406
as_completed_tuple,local-shape-fix,6,op-1,execution,0.237558,2.847905,0.232681,2.871741,2.610316,2.63906,3.406
as_completed_tuple,local-shape-fix,6,op-2,execution,0.262376,2.893374,0.259482,2.989639,2.631008,2.730157,3.406
as_completed_tuple,local-shape-fix,7,op-0,execution,0.179791,5.73576,0.171508,5.778534,5.556219,5.607026,3.806
as_completed_tuple,local-shape-fix,7,op-1,execution,0.220031,5.819856,0.215244,5.843592,5.599794,5.628348,3.806
as_completed_tuple,local-shape-fix,7,op-2,execution,0.244439,5.864314,0.241735,5.886217,5.619825,5.644482,3.806
as_completed_tuple,local-shape-fix,8,op-0,execution,0.177338,10.948662,0.168675,11.00071,10.771284,10.832035,45.068
as_completed_tuple,local-shape-fix,8,op-1,execution,0.217247,11.051626,0.21259,11.077575,10.834399,10.864985,45.068
as_completed_tuple,local-shape-fix,8,op-2,execution,0.241124,11.09977,0.2384,11.121482,10.858666,10.883082,45.068
as_completed_tuple,local-shape-fix,9,op-0,execution,0.169576,2.763829,0.162275,2.802347,2.594373,2.640072,3.826
as_completed_tuple,local-shape-fix,9,op-1,execution,0.209556,2.83765,0.204689,2.860915,2.628094,2.656226,3.826
as_completed_tuple,local-shape-fix,9,op-2,execution,0.234093,2.881736,0.23166,2.902958,2.647654,2.671298,3.826
as_completed_tuple,local-shape-fix,10,op-0,execution,0.235746,5.765695,0.226391,5.81507,5.529939,5.588679,4.928
as_completed_tuple,local-shape-fix,10,op-1,execution,0.283707,5.853577,0.27881,5.877904,5.569869,5.599094,4.928
as_completed_tuple,local-shape-fix,10,op-2,execution,0.334745,5.898385,0.3314,5.920579,5.563581,5.589179,4.928
as_completed_tuple,local-shape-fix,11,op-0,execution,0.193482,10.769251,0.18557,10.824354,10.57589,10.638784,3.286
as_completed_tuple,local-shape-fix,11,op-1,execution,0.234874,10.873237,0.230257,10.898415,10.638404,10.668158,3.286
as_completed_tuple,local-shape-fix,11,op-2,execution,0.259561,10.921069,0.257027,10.945907,10.661569,10.68888,3.286
as_completed_tuple,local-shape-fix,12,op-0,execution,0.181824,6.920486,0.174173,6.973116,6.738803,6.798943,4.106
as_completed_tuple,local-shape-fix,12,op-1,execution,0.221885,7.014318,0.217128,7.038805,6.792443,6.821677,4.106
as_completed_tuple,local-shape-fix,12,op-2,execution,0.247794,7.059055,0.24495,7.08212,6.811302,6.83717,4.106
as_completed_tuple,local-shape-fix,13,op-0,execution,0.218349,6.192918,0.204278,6.26693,5.97454,6.062652,8.852
as_completed_tuple,local-shape-fix,13,op-1,execution,0.526434,6.360301,0.514917,6.395604,5.833767,5.880687,8.852
as_completed_tuple,local-shape-fix,13,op-2,execution,0.586164,6.428243,0.582218,6.45879,5.8421,5.876572,8.852
as_completed_tuple,local-shape-fix,14,op-0,execution,0.175294,10.829872,0.167332,10.884604,10.654918,10.717272,3.706
as_completed_tuple,local-shape-fix,14,op-1,execution,0.21851,10.931325,0.21221,10.956603,10.712825,10.744393,3.706
as_completed_tuple,local-shape-fix,14,op-2,execution,0.242546,10.978716,0.240152,11.001591,10.73618,10.761439,3.706
as_completed_tuple,local-shape-fix,15,op-0,execution,0.167963,2.681023,0.160972,2.722205,2.51318,2.561233,3.544
as_completed_tuple,local-shape-fix,15,op-1,execution,0.210007,2.766372,0.20549,2.791881,2.556435,2.586391,3.544
as_completed_tuple,local-shape-fix,15,op-2,execution,0.262907,2.813904,0.259922,2.835696,2.551017,2.575774,3.544
as_completed_tuple,local-shape-fix,16,op-0,execution,0.174403,5.712696,0.167553,5.761519,5.538292,5.593966,3.886
as_completed_tuple,local-shape-fix,16,op-1,execution,0.215555,5.800468,0.210748,5.824835,5.584892,5.614087,3.886
as_completed_tuple,local-shape-fix,16,op-2,execution,0.239561,5.846988,0.236887,5.868651,5.607426,5.631764,3.886
as_completed_tuple,local-shape-fix,17,op-0,execution,0.168264,10.699716,0.161143,10.75496,10.531502,10.593817,3.066
as_completed_tuple,local-shape-fix,17,op-1,execution,0.214493,10.798295,0.209526,10.823653,10.583841,10.614127,3.066
as_completed_tuple,local-shape-fix,17,op-2,execution,0.240903,10.845225,0.238369,10.866888,10.604302,10.628519,3.066
as_completed_tuple,local-shape-fix,18,op-0,execution,0.180152,2.740883,0.17238,2.782716,2.560852,2.610336,3.926
as_completed_tuple,local-shape-fix,18,op-1,execution,0.220563,2.834435,0.216036,2.861195,2.613902,2.645159,3.926
as_completed_tuple,local-shape-fix,18,op-2,execution,0.246862,2.882868,0.244279,2.906613,2.635995,2.662334,3.926
as_completed_tuple,local-shape-fix,19,op-0,execution,0.209997,5.698815,0.201434,5.74243,5.488818,5.540996,4.826
as_completed_tuple,local-shape-fix,19,op-1,execution,0.223537,5.755509,0.218579,5.780247,5.531953,5.561668,4.826
as_completed_tuple,local-shape-fix,19,op-2,execution,0.244489,5.797443,0.241805,5.819186,5.552984,5.577381,4.826
batch_drained,fixed,0,op-0,execution,0.293252,2.534812,0.281885,2.753462,2.241691,2.471577,5.408
batch_drained,fixed,1,op-0,execution,0.371596,5.709797,0.346899,5.982939,5.338481,5.63604,6.19
batch_drained,fixed,2,op-0,execution,0.377284,10.703212,0.351695,10.995303,10.326339,10.643608,5.468
batch_drained,fixed,3,op-0,execution,0.286081,2.554942,0.273572,2.769335,2.268912,2.495763,5.148
batch_drained,fixed,4,op-0,execution,0.448396,5.750012,0.423919,6.003774,5.301895,5.579855,5.848
batch_drained,fixed,5,op-0,execution,0.335887,10.690482,0.31171,10.948521,10.354996,10.636811,9.474
batch_drained,fixed,6,op-0,execution,0.366042,2.670512,0.341085,2.939738,2.30452,2.598653,5.848
batch_drained,fixed,7,op-0,execution,0.3712,5.679796,0.355286,6.043505,5.308756,5.688219,2.964
batch_drained,fixed,8,op-0,execution,0.24185,10.519845,0.231154,10.769191,10.278686,10.538037,2.362
batch_drained,fixed,9,op-0,execution,0.370563,2.668188,0.346707,2.975342,2.297395,2.628635,6.85
batch_drained,fixed,10,op-0,execution,0.378646,5.709215,0.363002,5.95759,5.33074,5.594588,6.83
batch_drained,fixed,11,op-0,execution,0.243703,10.533961,0.232866,10.81836,10.29109,10.585494,2.504
batch_drained,fixed,12,op-0,execution,0.189606,3.472967,0.180733,3.626729,3.283432,3.445996,2.524
batch_drained,fixed,13,op-0,execution,0.437389,5.759515,0.411731,6.019938,5.322216,5.608207,10.014
batch_drained,fixed,14,op-0,execution,0.25136,10.522388,0.240353,10.73545,10.271229,10.495097,5.068
batch_drained,fixed,15,op-0,execution,0.392972,2.679991,0.367454,2.932322,2.286959,2.564868,6.49
batch_drained,fixed,16,op-0,execution,0.220943,6.527834,0.211609,6.756759,6.307061,6.54515,2.504
batch_drained,fixed,17,op-0,execution,0.399658,10.804469,0.332286,11.073425,10.404861,10.741139,2.462
batch_drained,fixed,18,op-0,execution,0.26851,2.527677,0.257834,2.737103,2.259328,2.479269,101.854
batch_drained,fixed,19,op-0,execution,0.368325,5.704603,0.337458,5.971014,5.336548,5.633556,7.03
batch_pending,fixed,0,op-0,execution,0.396013,2.718495,,,2.322993,,5.288
batch_pending,fixed,1,op-0,execution,0.231044,5.474823,,,5.244039,,2.024
batch_pending,fixed,2,op-0,execution,0.386268,10.855222,,,10.469214,,2.926
batch_pending,fixed,3,op-0,execution,0.254033,2.496535,,,2.242793,,5.728
batch_pending,fixed,4,op-0,execution,0.21891,5.492874,,,5.274053,,2.222
batch_pending,fixed,5,op-0,execution,0.264329,10.591839,,,10.328612,,5.71
batch_pending,fixed,6,op-0,execution,0.436844,2.74865,,,2.311937,,5.768
batch_pending,fixed,7,op-0,execution,0.246031,5.489168,,,5.243308,,5.628
batch_pending,fixed,8,op-0,execution,0.47086,10.924084,,,10.454696,,402.366
batch_pending,fixed,9,op-0,execution,0.389758,2.68484,,,2.294981,,29.384
batch_pending,fixed,10,op-0,execution,0.460244,5.771905,,,5.31154,,5.288
batch_pending,fixed,11,op-0,execution,0.304243,10.689095,,,10.385462,,5.748
batch_pending,fixed,12,op-0,execution,0.351891,2.64597,,,2.293789,,2.522
batch_pending,fixed,13,op-0,execution,0.365872,5.902517,,,5.537256,,5.428
batch_pending,fixed,14,op-0,execution,0.320479,10.650977,,,10.331801,,2.804
batch_pending,fixed,15,op-0,execution,0.362768,2.632911,,,2.269943,,5.388
batch_pending,fixed,16,op-0,execution,0.411135,5.718458,,,5.307103,,5.168
batch_pending,fixed,17,op-0,execution,0.443108,10.776662,,,10.334575,,5.408
batch_pending,fixed,18,op-0,execution,0.441981,2.741248,,,2.299277,,5.95
batch_pending,fixed,19,op-0,execution,0.555923,5.881435,,,5.325601,,2.964
both_lifetimes,fixed,0,op-0,both,3.206315,7.452007,-0.020871,7.578367,4.245341,7.599238,4.788
both_lifetimes,fixed,1,op-0,both,3.226861,7.497049,-0.020371,7.628382,4.270089,7.648753,5.328
both_lifetimes,fixed,2,op-0,both,3.294287,7.524316,-0.025158,7.690146,4.229198,7.715304,29.846
both_lifetimes,fixed,3,op-0,both,3.314012,7.705204,-0.028643,7.873078,4.39041,7.901721,27.34
both_lifetimes,fixed,4,op-0,both,3.214273,7.523472,-0.020831,7.661895,4.309359,7.682726,5.97
both_lifetimes,fixed,5,op-0,both,3.228328,7.461272,-0.01944,7.571758,4.232853,7.591198,13.16
both_lifetimes,fixed,6,op-0,both,3.262946,7.488498,-0.023966,7.609677,4.225512,7.633643,2.284
both_lifetimes,fixed,7,op-0,both,3.225318,7.447035,-0.016816,7.592069,4.220845,7.608885,4.948
both_lifetimes,fixed,8,op-0,both,3.326252,7.561549,-0.020581,7.73795,4.234826,7.758531,2.164
both_lifetimes,fixed,9,op-0,both,3.241734,7.498924,-0.018989,7.662685,4.256329,7.681674,5.63
both_lifetimes,fixed,10,op-0,both,3.289766,7.480276,-0.018278,7.6455,4.189919,7.663778,52.838
both_lifetimes,fixed,11,op-0,both,3.218549,7.463941,-0.019419,7.604909,4.245252,7.624328,4.646
both_lifetimes,fixed,12,op-0,both,3.214642,7.431912,-0.016145,7.562724,4.217139,7.578869,4.666
both_lifetimes,fixed,13,op-0,both,3.22958,7.444205,-0.018919,7.603315,4.214525,7.622234,17.668
both_lifetimes,fixed,14,op-0,both,3.267097,7.471397,-0.016966,7.660432,4.203489,7.677398,5.268
both_lifetimes,fixed,15,op-0,both,3.224402,7.438868,-0.021553,7.532228,4.214676,7.553781,5.328
both_lifetimes,fixed,16,op-0,both,3.391525,7.627974,-0.01986,7.813013,4.234916,7.832873,2.184
both_lifetimes,fixed,17,op-0,both,3.233171,7.439155,-0.017417,7.61491,4.204681,7.632327,5.97
both_lifetimes,fixed,18,op-0,both,3.215755,7.441227,-0.036625,7.750819,4.225703,7.787444,47.932
both_lifetimes,fixed,19,op-0,both,3.213461,7.453055,-0.017146,7.583366,4.239463,7.600512,5.046
capture_epoch,affected,0,op-0,execution,0.570394,2.887829,0.041903,0.193542,2.317204,0.151639,2.684
capture_epoch,affected,1,op-0,execution,0.539138,5.864277,0.056806,0.234304,5.324328,0.177498,2.884
capture_epoch,affected,2,op-0,execution,0.462237,10.805333,0.040872,0.190117,10.343547,0.149245,2.624
capture_epoch,affected,3,op-0,execution,0.629844,2.951305,0.055063,0.289927,2.321421,0.234864,2.984
capture_epoch,affected,4,op-0,execution,0.481301,5.79189,0.045439,0.195185,5.31097,0.149746,5.688
capture_epoch,affected,5,op-0,execution,0.492984,10.803263,0.073491,0.215986,10.310309,0.142495,2.764
capture_epoch,affected,6,op-0,execution,0.631377,2.95466,0.078408,0.309787,2.322983,0.231379,4.628
capture_epoch,affected,7,op-0,execution,0.573404,5.888701,0.052609,0.258369,5.315598,0.20576,2.924
capture_epoch,affected,8,op-0,execution,0.49087,10.842331,0.042373,0.201123,10.351641,0.15875,2.484
capture_epoch,affected,9,op-0,execution,0.500901,2.84768,0.043766,0.212821,2.346308,0.169055,2.744
capture_epoch,affected,10,op-0,execution,0.708103,6.044842,0.045298,0.36468,5.336959,0.319382,2.604
capture_epoch,affected,11,op-0,execution,0.53031,10.88813,0.044938,0.223327,10.358521,0.178389,2.644
capture_epoch,affected,12,op-0,execution,0.565768,2.853358,0.045989,0.189115,2.28764,0.143126,4.728
capture_epoch,affected,13,op-0,execution,0.591973,5.92829,0.051257,0.20557,5.336508,0.154313,6.65
capture_epoch,affected,14,op-0,execution,0.486063,10.798254,0.039219,0.224238,10.312071,0.185019,3.024
capture_epoch,affected,15,op-0,execution,0.62026,2.910563,0.043235,0.263707,2.289222,0.220472,18.668
capture_epoch,affected,16,op-0,execution,0.462538,5.759496,0.039489,0.185289,5.296468,0.1458,5.448
capture_epoch,affected,17,op-0,execution,0.446032,10.792165,0.048383,0.204378,10.346473,0.155995,7.932
capture_epoch,affected,18,op-0,execution,0.502368,2.751209,0.042674,0.250327,2.248862,0.207653,12.88
capture_epoch,affected,19,op-0,execution,0.524271,5.842711,0.043386,0.186952,5.31818,0.143566,5.488
capture_epoch,fixed,0,op-0,execution,0.398126,2.692125,0.378636,2.928762,2.293859,2.550126,7.25
capture_epoch,fixed,1,op-0,execution,4.31002,9.630344,4.298082,9.834572,5.320654,5.53649,7.75
capture_epoch,fixed,2,op-0,execution,0.584492,10.885414,0.56295,11.158276,10.301633,10.595326,4.588
capture_epoch,fixed,3,op-0,execution,0.314005,2.591419,0.304601,2.801526,2.277495,2.496925,2.764
capture_epoch,fixed,4,op-0,execution,1.363987,6.671902,1.344218,7.063623,5.308456,5.719405,4.406
capture_epoch,fixed,5,op-0,execution,0.297578,14.103629,0.288455,14.342359,13.80635,14.053904,4.426
capture_epoch,fixed,6,op-0,execution,0.485151,2.894324,0.463108,3.145273,2.409113,2.682165,7.492
capture_epoch,fixed,7,op-0,execution,0.283352,5.53385,0.27505,5.727302,5.250778,5.452252,3.244
capture_epoch,fixed,8,op-0,execution,0.49341,10.8242,0.471086,11.089079,10.33072,10.617993,5.468
capture_epoch,fixed,9,op-0,execution,0.420675,2.754445,0.399543,3.039284,2.33426,2.639741,3.586
capture_epoch,fixed,10,op-0,execution,0.586545,5.88103,0.458251,6.12638,5.294184,5.668129,2.564
capture_epoch,fixed,11,op-0,execution,0.380769,10.703096,0.360338,10.981095,10.322327,10.620757,7.572
capture_epoch,fixed,12,op-0,execution,0.404605,2.716111,0.385116,2.951446,2.311325,2.56633,4.106
capture_epoch,fixed,13,op-0,execution,0.375597,5.74249,0.355927,6.003093,5.367144,5.647166,5.428
capture_epoch,fixed,14,op-0,execution,0.271929,10.61684,0.261844,10.813156,10.345271,10.551312,14.162
capture_epoch,fixed,15,op-0,execution,0.483459,2.798881,0.459763,3.109629,2.315252,2.649866,44.768
capture_epoch,fixed,16,op-0,execution,0.434781,8.080331,0.413749,8.336848,7.645941,7.923099,3.684
capture_epoch,fixed,17,op-0,execution,0.388872,10.78529,0.368811,11.054907,10.396709,10.686096,3.166
capture_epoch,fixed,18,op-0,execution,0.362422,2.631925,0.353699,2.819467,2.269672,2.465768,4.126
capture_epoch,fixed,19,op-0,execution,0.360248,5.737498,0.333628,5.990419,5.37748,5.656791,3.806
escaped,affected,0,op-0,execution,0.458226,2.765074,0.070907,0.221694,2.306598,0.150787,5.868
escaped,affected,1,op-0,execution,0.497,5.896872,0.040111,0.246131,5.399571,0.20602,5.128
escaped,affected,2,op-0,execution,0.638597,11.001874,0.044717,0.319341,10.363036,0.274624,4.406
escaped,affected,3,op-0,execution,1.50179,4.017774,0.050236,0.231419,2.514702,0.181183,99.87
escaped,affected,4,op-0,execution,0.522353,5.892883,0.042164,0.201705,5.370139,0.159541,6.05
escaped,affected,5,op-0,execution,0.403654,10.681374,0.045189,0.190377,10.278,0.145188,6.15
escaped,affected,6,op-0,execution,0.485762,2.790668,0.03981,0.226902,2.304164,0.187092,5.488
escaped,affected,7,op-0,execution,0.467865,5.798213,0.044828,0.214183,5.330769,0.169355,5.208
escaped,affected,8,op-0,execution,0.403674,10.805311,0.041012,0.18598,10.401746,0.144968,5.028
escaped,affected,9,op-0,execution,0.558417,2.891566,0.043546,0.218109,2.332388,0.174563,5.088
escaped,affected,10,op-0,execution,0.46806,5.901214,0.048993,0.241043,5.434085,0.19205,4.708
escaped,affected,11,op-0,execution,0.5,10.924721,0.040542,0.197739,10.425692,0.157197,4.506
escaped,affected,12,op-0,execution,0.603319,2.863217,0.110446,0.33862,2.259948,0.228174,5.91
escaped,affected,13,op-0,execution,0.452432,6.809147,0.048563,0.201574,6.356634,0.153011,5.048
escaped,affected,14,op-0,execution,0.557315,10.936608,0.03971,0.187032,10.379202,0.147322,4.886
escaped,affected,15,op-0,execution,0.408291,2.744765,0.03958,0.17858,2.336493,0.139,46.61
escaped,affected,16,op-0,execution,0.713926,6.028761,0.036385,0.471231,5.314314,0.434846,6.09
escaped,affected,17,op-0,execution,0.430253,10.798123,0.044817,0.189726,10.3677,0.144909,4.788
escaped,affected,18,op-0,execution,0.345541,3.667175,0.038698,0.168884,3.321624,0.130186,4.708
escaped,affected,19,op-0,execution,0.408757,5.677803,0.044647,0.19904,5.269137,0.154393,5.588
escaped,fixed,0,op-0,execution,0.509017,2.82584,0.485972,3.832007,2.316893,3.346035,5.408
escaped,fixed,1,op-0,execution,0.244809,6.557327,0.237407,7.271914,6.312668,7.034507,5.968
escaped,fixed,2,op-0,execution,0.417353,10.775452,0.392786,11.745705,10.358118,11.352919,5.288
escaped,fixed,3,op-0,execution,0.467775,2.777899,0.442917,3.643824,2.310194,3.200907,5.728
escaped,fixed,4,op-0,execution,1.963016,7.308557,1.940041,8.253662,5.345551,6.313621,4.688
escaped,fixed,5,op-0,execution,0.280664,10.642781,0.27084,11.470539,10.362657,11.199699,4.686
escaped,fixed,6,op-0,execution,0.336653,2.63624,0.313798,3.535877,2.299377,3.222079,6.89
escaped,fixed,7,op-0,execution,0.713346,6.078367,0.703001,6.866516,5.365141,6.163515,3.364
escaped,fixed,8,op-0,execution,0.254654,10.536881,0.24488,11.454444,10.283127,11.209564,8.432
escaped,fixed,9,op-0,execution,0.241119,2.504512,0.231655,3.258499,2.263564,3.026844,5.048
escaped,fixed,10,op-0,execution,0.290032,5.642014,0.280278,6.808924,5.352281,6.528646,5.348
escaped,fixed,11,op-0,execution,0.346352,10.700287,0.324209,11.595787,10.354115,11.271578,9.894
escaped,fixed,12,op-0,execution,3.972075,7.692245,3.950102,8.613615,3.71999,4.663513,4.266
escaped,fixed,13,op-0,execution,0.216728,5.519795,0.207964,6.307303,5.303178,6.099339,5.89
escaped,fixed,14,op-0,execution,0.326431,10.720927,0.305179,11.599982,10.394585,11.294803,4.906
escaped,fixed,15,op-0,execution,3.941353,6.254081,3.914152,7.253488,2.312577,3.339336,5.828
escaped,fixed,16,op-0,execution,0.247573,5.67321,0.236737,6.690244,5.426088,6.453507,4.948
escaped,fixed,17,op-0,execution,0.253432,10.551332,0.242325,11.444869,10.298221,11.202544,5.128
escaped,fixed,18,op-0,execution,0.262066,2.505629,0.252882,3.531206,2.243614,3.278324,5.448
escaped,fixed,19,op-0,execution,0.342001,5.700742,0.319226,6.957938,5.358751,6.638712,5.448
export_drop,fixed,0,op-0,execution,0.338991,2.594372,,,2.255571,,5.148
export_drop,fixed,1,op-0,execution,0.227743,7.422319,,,7.195076,,2.926
export_drop,fixed,2,op-0,execution,0.382877,10.821455,,,10.438348,,5.77
export_drop,fixed,3,op-0,execution,0.308064,2.649325,,,2.341441,,7.652
export_drop,fixed,4,op-0,execution,0.368636,5.915351,,,5.547045,,5.828
export_drop,fixed,5,op-0,execution,0.24216,10.602124,,,10.360084,,12.338
export_drop,fixed,6,op-0,execution,0.368696,3.002187,,,2.633922,,16.024
export_drop,fixed,7,op-0,execution,0.24189,5.510045,,,5.268194,,5.97
export_drop,fixed,8,op-0,execution,0.36774,10.809166,,,10.442799,,6.208
export_drop,fixed,9,op-0,execution,0.232856,2.484591,,,2.251826,,2.144
export_drop,fixed,10,op-0,execution,0.467605,5.913909,,,5.447826,,24.498
export_drop,fixed,11,op-0,execution,0.316852,10.652189,,,10.336037,,15.042
export_drop,fixed,12,op-0,execution,0.325807,2.668891,,,2.342913,,3.226
export_drop,fixed,13,op-0,execution,0.512804,5.885727,,,5.373243,,2.764
export_drop,fixed,14,op-0,execution,0.417605,10.747642,,,10.33123,,4.888
export_drop,fixed,15,op-0,execution,0.418436,2.731525,,,2.313239,,17.746
export_drop,fixed,16,op-0,execution,0.383789,5.699976,,,5.316277,,5.628
export_drop,fixed,17,op-0,execution,0.402727,10.772986,,,10.37037,,2.624
export_drop,fixed,18,op-0,execution,0.409513,2.760479,,,2.350956,,2.964
export_drop,fixed,19,op-0,execution,0.454701,5.770618,,,5.315927,,5.408
handled_inside,affected,0,op-0,execution,0.408201,2.664864,0.041543,0.204679,2.256812,0.163136,6.27
handled_inside,affected,1,op-0,execution,0.505883,5.844833,0.04671,0.2257,5.339552,0.17899,7.11
handled_inside,affected,2,op-0,execution,0.353608,11.699276,0.037847,0.17877,11.345938,0.140923,30.906
handled_inside,affected,3,op-0,execution,0.589038,3.030495,0.045669,0.2185,2.441638,0.172831,2.944
handled_inside,affected,4,op-0,execution,0.654987,6.07399,0.05948,0.277208,5.418893,0.217728,5.768
handled_inside,affected,5,op-0,execution,0.441936,10.781148,0.039619,0.19218,10.338561,0.152561,3.326
handled_inside,affected,6,op-0,execution,0.446303,2.754694,0.038589,0.17234,2.30789,0.133751,2.964
handled_inside,affected,7,op-0,execution,0.416128,5.677662,0.040091,0.196867,5.261605,0.156776,2.242
handled_inside,affected,8,op-0,execution,0.762817,11.085494,0.040812,0.219622,10.322377,0.17881,103.596
handled_inside,affected,9,op-0,execution,0.480204,2.826263,0.044417,0.208264,2.345126,0.163847,2.484
handled_inside,affected,10,op-0,execution,0.387284,6.819405,0.038969,0.196256,6.432351,0.157287,1.942
handled_inside,affected,11,op-0,execution,0.561181,10.985692,0.045198,0.229816,10.424401,0.184618,7.632
handled_inside,affected,12,op-0,execution,0.453043,2.76495,0.04639,0.219381,2.312267,0.172991,5.748
handled_inside,affected,13,op-0,execution,0.519252,5.922684,0.045098,0.228705,5.402951,0.183607,2.362
handled_inside,affected,14,op-0,execution,0.392873,11.877576,0.043916,0.207944,11.485745,0.164028,2.864
handled_inside,affected,15,op-0,execution,0.427349,2.70912,0.037496,0.184828,2.28149,0.147332,5.048
handled_inside,affected,16,op-0,execution,0.455066,5.795029,0.042584,0.200062,5.339793,0.157478,2.664
handled_inside,affected,17,op-0,execution,0.409768,10.74195,0.04008,0.190046,10.332171,0.149966,2.104
handled_inside,affected,18,op-0,execution,0.572549,2.999509,0.048042,0.234393,2.426109,0.186351,439.404
handled_inside,affected,19,op-0,execution,0.415808,5.707758,0.03938,0.173762,5.291099,0.134382,5.508
handled_inside,fixed,0,op-0,execution,0.376518,2.687843,0.354185,2.989879,2.311475,2.635694,2.222
handled_inside,fixed,1,op-0,execution,0.336833,5.625297,0.325666,5.947463,5.288615,5.621797,2.524
handled_inside,fixed,2,op-0,execution,0.272521,10.551395,0.262917,10.765628,10.279395,10.502711,2.804
handled_inside,fixed,3,op-0,execution,0.543275,2.944386,0.515773,3.208103,2.401091,2.69233,3.046
handled_inside,fixed,4,op-0,execution,0.406088,5.726922,0.348771,6.051352,5.320825,5.702581,5.388
handled_inside,fixed,5,op-0,execution,0.284214,10.588624,0.27512,10.784359,10.3046,10.509239,5.548
handled_inside,fixed,6,op-0,execution,0.257954,2.498163,0.247369,2.657974,2.240329,2.410605,2.844
handled_inside,fixed,7,op-0,execution,0.274403,5.56372,0.263838,5.810352,5.289607,5.546514,553.054
handled_inside,fixed,8,op-0,execution,1.759624,12.073288,1.75032,12.270305,10.314054,10.519985,19.65
handled_inside,fixed,9,op-0,execution,0.271926,2.535048,0.257704,2.762241,2.263243,2.504537,49.514
handled_inside,fixed,10,op-0,execution,0.266782,5.68294,0.256326,5.912296,5.416289,5.65597,5.588
handled_inside,fixed,11,op-0,execution,0.300748,10.617988,0.291434,10.845881,10.31778,10.554447,83.226
handled_inside,fixed,12,op-0,execution,0.222595,2.450565,0.213382,2.654373,2.22799,2.440991,6.35
handled_inside,fixed,13,op-0,execution,0.464245,5.753169,0.45427,5.955745,5.289205,5.501475,2.464
handled_inside,fixed,14,op-0,execution,0.33831,10.852615,0.329256,11.079257,10.515167,10.750001,5.088
handled_inside,fixed,15,op-0,execution,1.002001,3.279155,0.979948,3.520649,2.277164,2.540701,4.988
handled_inside,fixed,16,op-0,execution,0.361565,5.680596,0.335967,5.980348,5.319642,5.644381,6.87
handled_inside,fixed,17,op-0,execution,0.287433,10.571231,0.277047,10.76222,10.283949,10.485173,2.342
handled_inside,fixed,18,op-0,execution,0.378326,4.32617,0.355241,4.591551,3.947885,4.23631,6.168
handled_inside,fixed,19,op-0,execution,0.472433,5.803963,0.448467,6.300742,5.330989,5.852275,25.018
lifecycle,affected,0,op-0,execution,0.526864,2.964695,0.043515,0.262345,2.43723,0.21883,6.39
lifecycle,affected,0,op-1,context-only,0.079946,3.331328,,,3.251953,,6.39
lifecycle,affected,0,op-2,execution,0.214148,3.46508,,,3.250781,,6.39
lifecycle,affected,1,op-0,execution,0.431065,5.690152,0.042474,0.196676,5.259137,0.154202,2.164
lifecycle,affected,1,op-1,context-only,0.084026,6.339981,,,6.256035,,2.164
lifecycle,affected,1,op-2,execution,0.09941,6.344068,,,6.244648,,2.164
lifecycle,affected,2,op-0,execution,0.415517,10.757802,0.038809,0.223507,10.342265,0.184698,2.464
lifecycle,affected,2,op-1,context-only,0.141053,11.309333,,,11.168751,,2.464
lifecycle,affected,2,op-2,execution,0.089696,11.315453,,,11.226108,,2.464
lifecycle,affected,3,op-0,execution,0.496529,2.799101,0.043236,0.245871,2.302342,0.202635,5.308
lifecycle,affected,3,op-1,context-only,0.089555,3.310252,,,3.220626,,5.308
lifecycle,affected,3,op-2,execution,0.087092,3.350253,,,3.263441,,5.308
lifecycle,affected,4,op-0,execution,0.453755,5.811635,0.040782,0.206732,5.35813,0.16595,82.624
lifecycle,affected,4,op-1,context-only,0.083766,6.39244,,,6.309195,,82.624
lifecycle,affected,4,op-2,execution,0.091228,6.353672,,,6.262765,,82.624
lifecycle,affected,5,op-0,execution,0.392261,11.724952,0.03976,0.198078,11.332781,0.158318,6.77
lifecycle,affected,5,op-1,context-only,0.075579,11.294607,,,11.219068,,6.77
lifecycle,affected,5,op-2,execution,0.150051,11.401209,,,11.251207,,6.77
lifecycle,affected,6,op-0,execution,0.457134,2.711443,0.044376,0.217848,2.2544,0.173472,43.144
lifecycle,affected,6,op-1,context-only,0.084222,3.29883,,,3.214859,,43.144
lifecycle,affected,6,op-2,execution,0.073676,3.308014,,,3.234398,,43.144
lifecycle,affected,7,op-0,execution,0.3979,5.684733,0.04022,0.174974,5.287073,0.134754,6.87
lifecycle,affected,7,op-1,context-only,0.098053,6.307177,,,6.209545,,6.87
lifecycle,affected,7,op-2,execution,0.104658,6.393852,,,6.289695,,6.87
lifecycle,affected,8,op-0,execution,0.480019,10.857143,0.041533,0.202475,10.377585,0.160942,6.892
lifecycle,affected,8,op-1,context-only,0.10934,11.430253,,,11.322045,,6.892
lifecycle,affected,8,op-2,execution,0.122149,12.508699,,,12.388392,,6.892
lifecycle,affected,9,op-0,execution,0.62364,2.93823,0.046039,0.259331,2.313188,0.213292,5.728
lifecycle,affected,9,op-1,context-only,0.085249,3.305094,,,3.219796,,5.728
lifecycle,affected,9,op-2,execution,0.098368,3.340197,,,3.242149,,5.728
lifecycle,affected,10,op-0,execution,0.402887,5.740537,0.040541,0.191308,5.337039,0.150767,2.324
lifecycle,affected,10,op-1,context-only,0.098854,6.379967,,,6.281483,,2.324
lifecycle,affected,10,op-2,execution,0.093902,6.354664,,,6.260602,,2.324
lifecycle,affected,11,op-0,execution,0.456223,10.778751,0.040672,0.222556,10.322417,0.181884,94.302
lifecycle,affected,11,op-1,context-only,0.081628,11.333086,,,11.251148,,94.302
lifecycle,affected,11,op-2,execution,0.087377,11.346581,,,11.259686,,94.302
lifecycle,affected,12,op-0,execution,0.555307,2.903308,0.044187,0.217338,2.346909,0.173151,5.348
lifecycle,affected,12,op-1,context-only,0.07347,3.287277,,,3.213958,,5.348
lifecycle,affected,12,op-2,execution,0.376558,3.571606,,,3.195008,,5.348
lifecycle,affected,13,op-0,execution,0.467655,5.831294,0.037267,0.169817,5.363819,0.13255,5.75
lifecycle,affected,13,op-1,context-only,0.078477,6.302148,,,6.224141,,5.75
lifecycle,affected,13,op-2,execution,0.095719,6.323701,,,6.228012,,5.75
lifecycle,affected,14,op-0,execution,0.416284,10.73201,0.042715,0.18539,10.315907,0.142675,6.89
lifecycle,affected,14,op-1,context-only,0.085223,11.327486,,,11.243605,,6.89
lifecycle,affected,14,op-2,execution,0.116231,11.367448,,,11.251267,,6.89
lifecycle,affected,15,op-0,execution,0.436799,2.755906,0.049164,0.200853,2.318616,0.151689,65.84
lifecycle,affected,15,op-1,context-only,0.076155,3.297193,,,3.221448,,65.84
lifecycle,affected,15,op-2,execution,0.078929,3.313757,,,3.234969,,65.84
lifecycle,affected,16,op-0,execution,0.451542,5.737503,0.044447,0.226211,5.286062,0.181764,3.086
lifecycle,affected,16,op-1,context-only,0.086531,6.324368,,,6.238378,,3.086
lifecycle,affected,16,op-2,execution,0.090887,6.374022,,,6.283495,,3.086
lifecycle,affected,17,op-0,execution,0.380468,11.732798,0.047932,0.188113,11.35273,0.140181,5.228
lifecycle,affected,17,op-1,context-only,0.075188,11.308779,,,11.233711,,5.228
lifecycle,affected,17,op-2,execution,0.075929,11.326085,,,11.250397,,5.228
lifecycle,affected,18,op-0,execution,0.522753,2.830823,0.049895,0.226742,2.308302,0.176847,5.93
lifecycle,affected,18,op-1,context-only,0.093385,3.372581,,,3.279686,,5.93
lifecycle,affected,18,op-2,execution,0.101718,3.348765,,,3.247027,,5.93
lifecycle,affected,19,op-0,execution,0.396358,5.724152,0.039229,0.188885,5.327895,0.149656,2.342
lifecycle,affected,19,op-1,context-only,0.270878,6.501855,,,6.231177,,2.342
lifecycle,affected,19,op-2,execution,0.088964,6.344137,,,6.255444,,2.342
lifecycle,fixed,0,op-0,execution,0.301695,2.567872,0.289236,2.770147,2.266337,2.480911,2.944
lifecycle,fixed,0,op-1,context-only,0.116926,3.254077,,,3.13715,,2.944
lifecycle,fixed,0,op-2,execution,0.12624,3.326876,0.120702,3.366836,3.200887,3.246134,2.944
lifecycle,fixed,1,op-0,execution,0.298956,5.558027,0.289451,5.749015,5.259102,5.459564,6.61
lifecycle,fixed,1,op-1,context-only,0.087888,13.065009,,,12.977242,,6.61
lifecycle,fixed,1,op-2,execution,0.13616,6.290242,0.12923,6.339816,6.154252,6.210586,6.61
lifecycle,fixed,2,op-0,execution,0.251019,10.507603,0.237999,10.712191,10.256744,10.474192,2.482
lifecycle,fixed,2,op-1,context-only,0.111037,11.36113,,,11.250543,,2.482
lifecycle,fixed,2,op-2,execution,0.101823,11.356183,0.096475,11.421191,11.254941,11.324716,2.482
lifecycle,fixed,3,op-0,execution,0.282071,2.533436,0.269712,2.78115,2.251466,2.511438,5.006
lifecycle,fixed,3,op-1,context-only,0.086887,3.299882,,,3.213026,,5.006
lifecycle,fixed,3,op-2,execution,0.14207,3.29852,0.13505,3.343608,3.156641,3.208558,5.006
lifecycle,fixed,4,op-0,execution,0.370504,5.680111,0.342832,6.079994,5.310338,5.737162,7.272
lifecycle,fixed,4,op-1,context-only,0.106005,6.388129,,,6.282564,,7.272
lifecycle,fixed,4,op-2,execution,2.273299,8.456374,2.257365,8.577747,6.183765,6.320382,7.272
lifecycle,fixed,5,op-0,execution,0.256482,10.811248,0.247599,11.074075,10.556008,10.826476,2.926
lifecycle,fixed,5,op-1,context-only,0.097411,11.532316,,,11.435526,,2.926
lifecycle,fixed,5,op-2,execution,0.149991,11.480098,0.142771,11.552878,11.331058,11.410107,2.926
lifecycle,fixed,6,op-0,execution,0.387845,2.695395,0.36484,2.949638,2.306959,2.584798,9.734
lifecycle,fixed,6,op-1,context-only,0.07939,3.287638,,,3.208228,,9.734
lifecycle,fixed,6,op-2,execution,0.156966,3.312095,0.148383,3.376412,3.155298,3.228029,9.734
lifecycle,fixed,7,op-0,execution,0.375803,5.693703,0.352598,6.028578,5.318221,5.67598,7.632
lifecycle,fixed,7,op-1,context-only,0.108449,6.325415,,,6.217066,,7.632
lifecycle,fixed,7,op-2,execution,0.184544,6.334178,0.172856,6.409642,6.149955,6.236786,7.632
lifecycle,fixed,8,op-0,execution,0.534186,10.891967,0.511532,11.168994,10.358361,10.657462,8.052
lifecycle,fixed,8,op-1,context-only,0.114032,11.445921,,,11.33246,,8.052
lifecycle,fixed,8,op-2,execution,0.322337,11.563999,0.309437,11.835539,11.242033,11.526102,8.052
lifecycle,fixed,9,op-0,execution,0.486278,2.793698,0.462132,3.095223,2.30746,2.633091,3.564
lifecycle,fixed,9,op-1,context-only,0.076921,3.296666,,,3.219996,,3.564
lifecycle,fixed,9,op-2,execution,0.14275,3.301103,0.134067,3.367734,3.159095,3.233667,3.564
lifecycle,fixed,10,op-0,execution,0.259135,5.530796,0.249902,5.741443,5.272,5.491541,5.67
lifecycle,fixed,10,op-1,context-only,0.081018,6.304965,,,6.223927,,5.67
lifecycle,fixed,10,op-2,execution,0.126556,6.385736,0.120828,6.429492,6.259349,6.308664,5.67
lifecycle,fixed,11,op-0,execution,0.300623,10.62624,0.287493,10.88487,10.326418,10.597377,6.91
lifecycle,fixed,11,op-1,context-only,0.105575,11.417094,,,11.311529,,6.91
lifecycle,fixed,11,op-2,execution,0.156742,11.418756,0.149091,11.496884,11.262976,11.347793,6.91
lifecycle,fixed,12,op-0,execution,0.353087,2.669681,0.329071,2.975162,2.316093,2.646091,8.774
lifecycle,fixed,12,op-1,context-only,0.077742,3.293031,,,3.215109,,8.774
lifecycle,fixed,12,op-2,execution,0.141478,3.291108,0.132865,3.33865,3.14973,3.205785,8.774
lifecycle,fixed,13,op-0,execution,0.239416,5.508061,0.230232,5.703065,5.268816,5.472833,5.79
lifecycle,fixed,13,op-1,context-only,0.07659,6.276891,,,6.20056,,5.79
lifecycle,fixed,13,op-2,execution,0.118984,6.357423,0.113055,6.411074,6.238779,6.298019,5.79
lifecycle,fixed,14,op-0,execution,0.243132,10.557236,0.234069,10.755695,10.314323,10.521626,6.028
lifecycle,fixed,14,op-1,context-only,0.078244,11.330152,,,11.271998,,6.028
lifecycle,fixed,14,op-2,execution,0.193246,11.368499,0.185815,11.427989,11.175583,11.242174,6.028
lifecycle,fixed,15,op-0,execution,0.350554,2.643692,0.328861,2.889192,2.292818,2.560331,2.924
lifecycle,fixed,15,op-1,context-only,0.084091,3.303987,,,3.219866,,2.924
lifecycle,fixed,15,op-2,execution,0.130432,3.334849,0.12265,3.38194,3.204847,3.25929,2.924
lifecycle,fixed,16,op-0,execution,0.659179,5.962226,0.635263,6.215788,5.303017,5.580525,5.95
lifecycle,fixed,16,op-1,context-only,0.098194,12.180984,,,12.083211,,5.95
lifecycle,fixed,16,op-2,execution,0.191194,6.354207,0.179456,6.424293,6.163454,6.244837,5.95
lifecycle,fixed,17,op-0,execution,0.302366,10.584091,0.293402,10.784043,10.282086,10.490641,5.528
lifecycle,fixed,17,op-1,context-only,0.080922,11.304457,,,11.223465,,5.528
lifecycle,fixed,17,op-2,execution,0.117517,11.401323,0.111077,11.45193,11.284137,11.340853,5.528
lifecycle,fixed,18,op-0,execution,0.386253,2.765961,0.36446,3.007185,2.379518,2.642725,6.13
lifecycle,fixed,18,op-1,context-only,0.081423,3.300448,,,3.219215,,6.13
lifecycle,fixed,18,op-2,execution,0.155084,3.31556,0.14632,3.363242,3.160596,3.216922,6.13
lifecycle,fixed,19,op-0,execution,0.238589,5.486373,0.228324,5.668828,5.247805,5.440504,7.47
lifecycle,fixed,19,op-1,context-only,0.085799,6.335233,,,6.249494,,7.47
lifecycle,fixed,19,op-2,execution,0.132981,6.32606,0.126721,6.367082,6.19324,6.240361,7.47
parent_ends_first,fixed,0,op-0,both,3.27296,7.500764,-0.01322,7.691297,4.227313,7.704517,25.678
parent_ends_first,fixed,1,op-0,both,3.309936,7.45786,-0.01334,7.609124,4.147253,7.622464,6.048
parent_ends_first,fixed,2,op-0,both,3.230381,7.439458,-0.010716,7.586129,4.207925,7.596845,2.524
parent_ends_first,fixed,3,op-0,both,3.231007,7.558833,-0.011868,7.713231,4.326855,7.725099,2.544
parent_ends_first,fixed,4,op-0,both,3.261984,7.468448,-0.01344,7.624409,4.204611,7.637849,15.082
parent_ends_first,fixed,5,op-0,both,3.198889,7.445443,-0.011437,7.551388,4.246434,7.562825,16.824
parent_ends_first,fixed,6,op-0,both,3.226537,7.44547,-0.012368,7.556566,4.218863,7.568934,5.208
parent_ends_first,fixed,7,op-0,both,3.258298,7.498172,-0.012469,7.63257,4.239864,7.645039,6.87
parent_ends_first,fixed,8,op-0,both,3.208219,7.433851,-0.009895,7.549385,4.225563,7.55928,16.704
parent_ends_first,fixed,9,op-0,both,3.22625,7.443711,-0.009875,7.829958,4.216889,7.839833,2.164
parent_ends_first,fixed,10,op-0,both,3.207798,7.444367,-0.010916,7.555214,4.23656,7.56613,5.008
parent_ends_first,fixed,11,op-0,both,3.245379,7.600136,-0.011056,7.825742,4.354827,7.836798,7.07
parent_ends_first,fixed,12,op-0,both,3.227497,7.457376,-0.011928,7.606691,4.229148,7.618619,5.068
parent_ends_first,fixed,13,op-0,both,3.204067,7.425573,-0.012218,7.540211,4.221386,7.552429,5.208
parent_ends_first,fixed,14,op-0,both,3.209625,7.461967,-0.011027,7.572339,4.252423,7.583366,5.448
parent_ends_first,fixed,15,op-0,both,3.202245,7.427647,-0.030245,7.534723,4.225272,7.564968,11.898
parent_ends_first,fixed,16,op-0,both,3.220877,7.478557,-0.011728,7.659911,4.257821,7.671639,4.726
parent_ends_first,fixed,17,op-0,both,3.243532,7.456666,-0.012428,7.626623,4.212323,7.639051,4.888
parent_ends_first,fixed,18,op-0,both,3.260026,7.519169,-0.010817,7.668599,4.258252,7.679416,20.832
parent_ends_first,fixed,19,op-0,both,3.252055,7.47946,-0.011027,7.65867,4.226985,7.669697,2.162
queue,affected,0,op-0,execution,3.563248,6.768231,0.0399,0.199661,3.204912,0.159761,2.806
queue,affected,1,op-0,execution,6.81084,13.135892,0.044337,0.223166,6.325453,0.178829,14.282
queue,affected,2,op-0,execution,11.823601,23.108251,0.043595,0.30515,11.285241,0.261555,2.864
queue,affected,3,op-0,execution,3.923581,7.057197,0.045098,0.21852,3.133605,0.173422,2.364
queue,affected,4,op-0,execution,7.247759,13.669284,0.043685,0.724032,6.420493,0.680347,16.344
queue,affected,5,op-0,execution,11.652573,23.197554,0.039359,0.194073,11.545441,0.154714,2.684
queue,affected,6,op-0,execution,3.715398,7.05234,0.050506,0.244279,3.335931,0.193773,73.792
queue,affected,7,op-0,execution,6.582337,12.886068,0.040221,0.177798,6.303902,0.137577,6.45
queue,affected,8,op-0,execution,11.574761,22.841126,0.03979,0.186952,11.266575,0.147162,2.944
queue,affected,9,op-0,execution,3.730861,6.949806,0.047521,0.275876,3.218724,0.228355,5.79
queue,affected,10,op-0,execution,6.614836,12.824926,0.043986,0.194964,6.2099,0.150978,22.774
queue,affected,11,op-0,execution,11.636214,22.885248,0.040922,0.189566,11.249876,0.148644,26.3
queue,affected,12,op-0,execution,3.634611,6.873675,0.043907,0.216998,3.239174,0.173091,52.698
queue,affected,13,op-0,execution,6.689141,12.921308,0.04658,0.234493,6.232156,0.187913,2.344
queue,affected,14,op-0,execution,11.764266,23.074031,0.044267,0.221214,11.310366,0.176947,3.646
queue,affected,15,op-0,execution,3.577274,6.781496,0.03982,0.174092,3.202679,0.134272,2.524
queue,affected,16,op-0,execution,6.61168,12.794344,0.041042,0.188464,6.181692,0.147422,5.91
queue,affected,17,op-0,execution,11.626043,22.898532,0.040321,0.203367,11.272629,0.163046,6.67
queue,affected,18,op-0,execution,3.592102,6.813921,0.042715,0.221394,3.221768,0.178679,58.148
queue,affected,19,op-0,execution,6.588371,12.800319,0.037717,0.175946,6.210816,0.138229,5.528
queue,fixed,0,op-0,execution,3.526482,6.623692,3.502756,6.956544,3.097511,3.453788,2.884
queue,fixed,1,op-0,execution,6.675626,12.831328,6.651209,13.085532,6.155241,6.434323,14.462
queue,fixed,2,op-0,execution,11.508508,22.654655,11.486264,22.908728,11.146888,11.422464,2.164
queue,fixed,3,op-0,execution,3.543985,7.535685,3.531366,7.762857,3.99212,4.231491,5.528
queue,fixed,4,op-0,execution,6.518846,15.799623,6.491385,16.111023,9.281228,9.619638,3.406
queue,fixed,5,op-0,execution,18.393679,28.885011,18.368331,29.179264,10.491382,10.810933,3.344
queue,fixed,6,op-0,execution,3.44167,9.908232,3.429391,10.114783,6.466612,6.685392,13.26
queue,fixed,7,op-0,execution,6.49858,12.688344,6.482836,12.9442,6.189955,6.461364,6.028
queue,fixed,8,op-0,execution,11.613423,22.615756,11.589467,22.884,11.002122,11.294533,3.064
queue,fixed,9,op-0,execution,3.527615,6.642973,3.502898,6.900952,3.115058,3.398054,5.928
queue,fixed,10,op-0,execution,6.471595,12.642301,6.459287,12.863595,6.170776,6.404308,5.288
queue,fixed,11,op-0,execution,11.486582,22.643357,11.47226,22.860425,11.156996,11.388165,7.37
queue,fixed,12,op-0,execution,3.43418,6.553343,3.419407,6.831052,3.119444,3.411645,12.68
queue,fixed,13,op-0,execution,6.459305,12.596378,6.444092,12.866686,6.137274,6.422594,2.584
queue,fixed,14,op-0,execution,11.479882,22.661915,11.467814,22.927656,11.182143,11.459842,6.93
queue,fixed,15,op-0,execution,3.534444,6.697905,3.511259,7.222566,3.16299,3.711307,2.824
queue,fixed,16,op-0,execution,6.504033,12.614007,6.480988,12.86121,6.109874,6.380222,12.94
queue,fixed,17,op-0,execution,11.446352,22.61844,11.433322,22.862108,11.17279,11.428786,90.858
queue,fixed,18,op-0,execution,3.610289,6.722943,3.585512,6.976746,3.112674,3.391234,2.424
queue,fixed,19,op-0,execution,6.505636,12.627027,6.482761,13.009474,6.121181,6.526713,21.392
repeat,affected,0,op-0,execution,0.440249,2.724263,0.065599,0.214173,2.283703,0.148574,5.97
repeat,affected,0,op-1,execution,0.086725,3.328123,,,3.241417,,5.97
repeat,affected,0,op-2,execution,0.073215,3.307572,,,3.234657,,5.97
repeat,affected,1,op-0,execution,0.480535,5.781698,0.038839,0.207994,5.300793,0.169155,6.59
repeat,affected,1,op-1,execution,0.096265,6.314661,,,6.218496,,6.59
repeat,affected,1,op-2,execution,0.086941,6.313299,,,6.226528,,6.59
repeat,affected,2,op-0,execution,0.585188,10.901294,0.041683,0.207894,10.316657,0.166211,38.698
repeat,affected,2,op-1,execution,0.091032,11.352248,,,11.261986,,38.698
repeat,affected,2,op-2,execution,0.082385,11.411667,,,11.330515,,38.698
repeat,affected,3,op-0,execution,0.522757,2.83229,0.050065,0.218179,2.309342,0.168114,51.076
repeat,affected,3,op-1,execution,0.082694,3.337833,,,3.25555,,51.076
repeat,affected,3,op-2,execution,0.111889,3.358755,,,3.247047,,51.076
repeat,affected,4,op-0,execution,0.45721,5.738094,0.050647,0.244419,5.281105,0.193772,5.768
repeat,affected,4,op-1,execution,0.11933,6.317237,,,6.198047,,5.768
repeat,affected,4,op-2,execution,0.08643,6.2997,,,6.213421,,5.768
repeat,affected,5,op-0,execution,0.482974,10.799362,0.044377,0.228495,10.317029,0.184118,6.71
repeat,affected,5,op-1,execution,0.15555,11.402841,,,11.247752,,6.71
repeat,affected,5,op-2,execution,0.093807,11.434409,,,11.340853,,6.71
repeat,affected,6,op-0,execution,0.386552,3.703845,0.045428,0.207923,3.317313,0.162495,5.668
repeat,affected,6,op-1,execution,0.081082,3.263651,,,3.182679,,5.668
repeat,affected,6,op-2,execution,0.057667,3.257993,,,3.200336,,5.668
repeat,affected,7,op-0,execution,0.574948,5.918265,0.068103,0.277939,5.343538,0.209836,5.808
repeat,affected,7,op-1,execution,0.125821,6.44464,,,6.31951,,5.808
repeat,affected,7,op-2,execution,0.11216,6.417188,,,6.305269,,5.808
repeat,affected,8,op-0,execution,0.467165,10.886633,0.041653,0.193332,10.418917,0.151679,5.77
repeat,affected,8,op-1,execution,0.101929,11.348044,,,11.246286,,5.77
repeat,affected,8,op-2,execution,0.087853,11.314093,,,11.22651,,5.77
repeat,affected,9,op-0,execution,0.609825,2.927595,0.071759,0.33764,2.317841,0.265881,6.448
repeat,affected,9,op-1,execution,0.112469,3.392245,,,3.279986,,6.448
repeat,affected,9,op-2,execution,0.096385,3.358194,,,3.262089,,6.448
repeat,affected,10,op-0,execution,0.516509,5.819146,0.053891,0.263477,5.302888,0.209586,6.19
repeat,affected,10,op-1,execution,0.114372,6.487464,,,6.373282,,6.19
repeat,affected,10,op-2,execution,0.083556,6.373823,,,6.290526,,6.19
repeat,affected,11,op-0,execution,0.372331,11.749318,0.045939,0.184368,11.377188,0.138429,5.668
repeat,affected,11,op-1,execution,0.094687,11.357392,,,11.262715,,5.668
repeat,affected,11,op-2,execution,0.083446,11.324929,,,11.241623,,5.668
repeat,affected,12,op-0,execution,0.380844,2.621774,0.040371,0.18548,2.24094,0.145109,2.684
repeat,affected,12,op-1,execution,0.082174,3.29565,,,3.213546,,2.684
repeat,affected,12,op-2,execution,0.05952,3.286116,,,3.226826,,2.684
repeat,affected,13,op-0,execution,0.473624,5.814128,0.048182,0.195494,5.340274,0.147312,2.844
repeat,affected,13,op-1,execution,0.114453,6.34604,,,6.232159,,2.844
repeat,affected,13,op-2,execution,0.081654,6.304268,,,6.223495,,2.844
repeat,affected,14,op-0,execution,0.364915,11.759348,0.037386,0.178188,11.394544,0.140802,7.512
repeat,affected,14,op-1,execution,0.157893,11.403762,,,11.245949,,7.512
repeat,affected,14,op-2,execution,0.097652,11.440076,,,11.343226,,7.512
repeat,affected,15,op-0,execution,0.713171,3.030596,0.040862,0.212591,2.317194,0.171729,6.21
repeat,affected,15,op-1,execution,0.08264,3.290918,,,3.208429,,6.21
repeat,affected,15,op-2,execution,0.071793,3.304588,,,3.232785,,6.21
repeat,affected,16,op-0,execution,0.483509,5.804573,0.04032,0.177317,5.321235,0.136997,6.33
repeat,affected,16,op-1,execution,0.084277,6.335775,,,6.251658,,6.33
repeat,affected,16,op-2,execution,0.077537,6.295083,,,6.217676,,6.33
repeat,affected,17,op-0,execution,0.567001,10.974566,0.044898,0.266181,10.407354,0.221283,6.51
repeat,affected,17,op-1,execution,0.130613,11.715374,,,11.585161,,6.51
repeat,affected,17,op-2,execution,0.133797,11.568902,,,11.436307,,6.51
repeat,affected,18,op-0,execution,0.643095,2.96062,0.059139,0.368396,2.317465,0.309257,6.068
repeat,affected,18,op-1,execution,0.120156,3.401505,,,3.281249,,6.068
repeat,affected,18,op-2,execution,0.082719,3.373963,,,3.291564,,6.068
repeat,affected,19,op-0,execution,0.466549,5.820524,0.042214,0.205791,5.353684,0.163577,2.624
repeat,affected,19,op-1,execution,0.101959,6.395951,,,6.294072,,2.624
repeat,affected,19,op-2,execution,0.088503,6.347763,,,6.25961,,2.624
repeat,fixed,0,op-0,execution,0.234573,2.479659,0.225309,2.636936,2.245165,2.411627,6.43
repeat,fixed,0,op-1,execution,0.210667,3.313105,0.204308,3.344833,3.102438,3.140525,6.43
repeat,fixed,0,op-2,execution,0.086651,3.28928,0.082294,3.422421,3.202859,3.340127,6.43
repeat,fixed,1,op-0,execution,2.275096,7.551532,2.26445,7.760277,5.276757,5.495827,2.744
repeat,fixed,1,op-1,execution,0.126005,6.335678,0.119876,6.372564,6.210154,6.252688,2.744
repeat,fixed,1,op-2,execution,0.124053,6.324562,0.119145,6.356871,6.200619,6.237726,2.744
repeat,fixed,2,op-0,execution,0.538452,10.835868,0.516158,11.090062,10.297317,10.573904,2.402
repeat,fixed,2,op-1,execution,0.161223,11.337185,0.15231,11.386579,11.176102,11.234269,2.402
repeat,fixed,2,op-2,execution,0.123726,11.352027,0.116506,11.407291,11.228851,11.290785,2.402
repeat,fixed,3,op-0,execution,0.323968,2.683957,0.312151,2.879362,2.360009,2.567211,4.968
repeat,fixed,3,op-1,execution,0.223747,3.459607,0.218139,3.492196,3.23595,3.274057,4.968
repeat,fixed,3,op-2,execution,0.135755,3.446838,0.131618,3.475521,3.311173,3.343903,4.968
repeat,fixed,4,op-0,execution,0.253052,5.486815,0.243547,5.671153,5.234044,5.427606,2.404
repeat,fixed,4,op-1,execution,0.137688,6.310637,0.130647,6.346311,6.17357,6.215664,2.404
repeat,fixed,4,op-2,execution,0.12574,6.278759,0.120842,6.315544,6.153349,6.194702,2.404
repeat,fixed,5,op-0,execution,1.383296,11.668386,1.372179,11.883971,10.285601,10.511792,56.626
repeat,fixed,5,op-1,execution,0.141143,15.280043,0.134523,15.323158,15.13904,15.188635,56.626
repeat,fixed,5,op-2,execution,0.103346,11.272655,0.098859,11.322931,11.16975,11.224072,56.626
repeat,fixed,6,op-0,execution,0.225805,2.489038,0.216952,2.643071,2.263323,2.426119,5.368
repeat,fixed,6,op-1,execution,0.108588,3.321003,0.102749,3.353852,3.212626,3.251103,5.368
repeat,fixed,6,op-2,execution,0.099034,3.306291,0.094457,3.340302,3.207557,3.245845,5.368
repeat,fixed,7,op-0,execution,0.263447,5.562138,0.253412,5.872346,5.298781,5.618934,4.686
repeat,fixed,7,op-1,execution,0.13319,6.338858,0.12672,6.376565,6.205818,6.249845,4.686
repeat,fixed,7,op-2,execution,0.092619,6.356986,0.087662,6.393601,6.264627,6.305939,4.686
repeat,fixed,8,op-0,execution,0.317354,10.669566,0.294049,10.934295,10.352933,10.640246,5.848
repeat,fixed,8,op-1,execution,0.151084,11.375861,0.140247,11.433839,11.225509,11.293592,5.848
repeat,fixed,8,op-2,execution,0.12849,11.325194,0.119817,11.380828,11.197456,11.261011,5.848
repeat,fixed,9,op-0,execution,0.382612,2.67546,0.359558,2.954581,2.292828,2.595023,5.81
repeat,fixed,9,op-1,execution,0.143131,3.337078,0.132114,3.40474,3.194507,3.272626,5.81
repeat,fixed,9,op-2,execution,0.130552,3.309886,0.119795,3.353692,3.179875,3.233897,5.81
repeat,fixed,10,op-0,execution,0.33883,5.604532,0.329266,5.758564,5.266032,5.429298,7.352
repeat,fixed,10,op-1,execution,0.125289,6.312159,0.117006,6.347933,6.187141,6.230927,7.352
repeat,fixed,10,op-2,execution,0.091788,6.291699,0.087041,6.328575,6.200171,6.241534,7.352
repeat,fixed,11,op-0,execution,0.223096,10.551172,0.213542,10.745705,10.328326,10.532163,7.672
repeat,fixed,11,op-1,execution,0.13322,11.328363,0.124187,11.371188,11.195333,11.247001,7.672
repeat,fixed,11,op-2,execution,0.105098,11.301363,0.098959,11.340012,11.196665,11.241053,7.672
repeat,fixed,12,op-0,execution,2.394426,4.734205,2.369619,4.998663,2.339749,2.629044,8.994
repeat,fixed,12,op-1,execution,0.188685,3.333878,0.174944,3.38789,3.145434,3.212946,8.994
repeat,fixed,12,op-2,execution,0.127142,3.275099,0.11881,3.320267,3.148308,3.201457,8.994
repeat,fixed,13,op-0,execution,0.238014,5.505308,0.227438,5.703857,5.267633,5.476419,5.368
repeat,fixed,13,op-1,execution,0.112003,6.324802,0.105814,6.360586,6.21336,6.254772,5.368
repeat,fixed,13,op-2,execution,0.105584,6.279505,0.100978,6.314919,6.174241,6.213941,5.368
repeat,fixed,14,op-0,execution,0.43454,10.807182,0.312186,11.07749,10.373213,10.765304,8.112
repeat,fixed,14,op-1,execution,0.170152,11.363741,0.158985,11.42239,11.19376,11.263405,8.112
repeat,fixed,14,op-2,execution,0.126956,11.341258,0.118744,11.388949,11.214652,11.270205,8.112
repeat,fixed,15,op-0,execution,0.333448,2.652475,0.310623,2.906298,2.318696,2.595675,9.574
repeat,fixed,15,op-1,execution,0.149781,3.338019,0.138685,3.39126,3.188388,3.252575,9.574
repeat,fixed,15,op-2,execution,0.118163,3.29939,0.110171,3.347112,3.181448,3.236941,9.574
repeat,fixed,16,op-0,execution,0.286031,5.550761,0.275576,5.725314,5.264879,5.449738,7.932
repeat,fixed,16,op-1,execution,0.131609,6.346341,0.125319,6.381694,6.214872,6.256375,7.932
repeat,fixed,16,op-2,execution,0.096671,10.185775,0.091613,10.239596,10.089505,10.147983,7.932
repeat,fixed,17,op-0,execution,0.435928,10.749261,0.413313,10.994581,10.313083,10.581268,6.01
repeat,fixed,17,op-1,execution,0.156916,11.370096,0.147392,11.433251,11.21344,11.285859,6.01
repeat,fixed,17,op-2,execution,0.133191,11.346021,0.124708,11.414213,11.213791,11.289505,6.01
repeat,fixed,18,op-0,execution,0.302521,2.729211,0.291435,2.920219,2.426739,2.628784,5.168
repeat,fixed,18,op-1,execution,0.13614,3.345731,0.129811,3.374815,3.2097,3.245004,5.168
repeat,fixed,18,op-2,execution,0.092194,3.317488,0.087737,3.356677,3.225624,3.26894,5.168
repeat,fixed,19,op-0,execution,0.211509,5.458843,0.202195,5.630872,5.247484,5.428677,6.63
repeat,fixed,19,op-1,execution,0.107312,6.32635,0.101643,6.367632,6.219199,6.265989,6.63
repeat,fixed,19,op-2,execution,0.10675,6.3226,0.101422,6.360497,6.216089,6.259075,6.63
service_async,affected,0,op-0,execution,1.097234,1.123434,0.678363,0.858104,0.025919,0.179741,1.662
service_async,affected,0,op-1,execution,0.302275,0.32566,,,0.023075,,1.662
service_async,affected,0,op-2,execution,0.266822,0.28517,,,0.018157,,1.662
service_async,affected,1,op-0,execution,1.269325,1.317748,0.66926,0.919547,0.04678,0.250287,2.182
service_async,affected,1,op-1,execution,0.322396,0.352802,,,0.029905,,2.182
service_async,affected,1,op-2,execution,0.240713,0.260943,,,0.020011,,2.182
service_async,affected,2,op-0,execution,1.444158,1.47162,0.928711,1.170626,0.027191,0.241915,2.564
service_async,affected,2,op-1,execution,0.387524,0.410399,,,0.022484,,2.564
service_async,affected,2,op-2,execution,0.300374,0.317269,,,0.016835,,2.564
service_async,affected,3,op-0,execution,0.979848,1.001942,0.60953,0.777163,0.021873,0.167633,1.922
service_async,affected,3,op-1,execution,0.298971,0.317469,,,0.018287,,1.922
service_async,affected,3,op-2,execution,0.211989,0.228344,,,0.016264,,1.922
service_async,affected,4,op-0,execution,5.175504,5.209846,0.768929,0.979997,0.033671,0.211068,73.15
service_async,affected,4,op-1,execution,0.381205,0.408205,,,0.026781,,73.15
service_async,affected,4,op-2,execution,0.279421,0.303767,,,0.024327,,73.15
service_async,affected,5,op-0,execution,1.149363,1.199679,0.63691,0.841499,0.048723,0.204589,2.002
service_async,affected,5,op-1,execution,0.30484,0.333793,,,0.028322,,2.002
service_async,affected,5,op-2,execution,0.235184,0.269907,,,0.034472,,2.002
service_async,affected,6,op-0,execution,1.093038,1.118847,0.650711,0.816631,0.025438,0.16592,2.104
service_async,affected,6,op-1,execution,0.275245,0.312492,,,0.037136,,2.104
service_async,affected,6,op-2,execution,0.222987,0.237949,,,0.014832,,2.104
service_async,affected,7,op-0,execution,1.306435,1.335299,0.890553,1.075021,0.028213,0.184468,40.76
service_async,affected,7,op-1,execution,0.346678,0.366177,,,0.019379,,40.76
service_async,affected,7,op-2,execution,0.238595,0.25514,,,0.016415,,40.76
service_async,affected,8,op-0,execution,1.210335,1.242644,0.748779,0.92837,0.031868,0.179591,1.802
service_async,affected,8,op-1,execution,0.393053,0.421326,,,0.028062,,1.802
service_async,affected,8,op-2,execution,0.242356,0.267945,,,0.025458,,1.802
service_async,affected,9,op-0,execution,1.051737,1.077365,0.618122,0.78919,0.025218,0.171068,1.982
service_async,affected,9,op-1,execution,0.325822,0.344771,,,0.018738,,1.982
service_async,affected,9,op-2,execution,0.230418,0.245,,,0.014472,,1.982
service_async,affected,10,op-0,execution,1.298663,1.35681,0.750752,0.963403,0.055995,0.212651,2.284
service_async,affected,10,op-1,execution,0.359267,0.388681,,,0.028623,,2.284
service_async,affected,10,op-2,execution,0.304574,0.332867,,,0.027581,,2.284
service_async,affected,11,op-0,execution,1.838772,1.90987,0.619965,0.825996,0.068493,0.206031,43.204
service_async,affected,11,op-1,execution,0.354855,0.387714,,,0.032238,,43.204
service_async,affected,11,op-2,execution,0.246762,0.272862,,,0.025869,,43.204
service_async,affected,12,op-0,execution,1.011155,1.034861,0.659054,0.829511,0.023235,0.170457,2.284
service_async,affected,12,op-1,execution,0.294664,0.314104,,,0.019309,,2.284
service_async,affected,12,op-2,execution,0.273833,0.291369,,,0.017436,,2.284
service_async,affected,13,op-0,execution,1.088332,1.110375,0.718033,0.901871,0.021823,0.183838,2.244
service_async,affected,13,op-1,execution,0.272631,0.291569,,,0.018798,,2.244
service_async,affected,13,op-2,execution,0.230929,0.247684,,,0.016645,,2.244
service_async,affected,14,op-0,execution,1.188728,1.239624,0.673576,0.847688,0.049345,0.174112,2.684
service_async,affected,14,op-1,execution,0.318325,0.349161,,,0.030295,,2.684
service_async,affected,14,op-2,execution,0.234719,0.258124,,,0.022975,,2.684
service_async,affected,15,op-0,execution,1.457663,1.483883,0.632244,1.164356,0.025779,0.532112,2.024
service_async,affected,15,op-1,execution,0.276291,0.294308,,,0.017907,,2.024
service_async,affected,15,op-2,execution,0.240657,0.255069,,,0.014322,,2.024
service_async,affected,16,op-0,execution,1.126859,1.208672,0.658593,0.834609,0.080221,0.176016,2.042
service_async,affected,16,op-1,execution,0.342766,0.365921,,,0.022584,,2.042
service_async,affected,16,op-2,execution,0.23276,0.251849,,,0.018838,,2.042
service_async,affected,17,op-0,execution,2.19193,2.250959,0.649119,0.826617,0.057457,0.177498,9.674
service_async,affected,17,op-1,execution,3.067571,3.097877,,,0.029785,,9.674
service_async,affected,17,op-2,execution,0.289802,0.30874,,,0.018698,,9.674
service_async,affected,18,op-0,execution,1.07788,1.128717,0.611492,0.806947,0.049054,0.195455,2.084
service_async,affected,18,op-1,execution,0.395161,0.420859,,,0.025289,,2.084
service_async,affected,18,op-2,execution,0.273818,0.293909,,,0.01977,,2.084
service_async,affected,19,op-0,execution,1.130395,1.195674,0.638814,0.804003,0.063296,0.165189,2.164
service_async,affected,19,op-1,execution,0.313763,0.35113,,,0.036866,,2.164
service_async,affected,19,op-2,execution,0.25826,0.290148,,,0.031467,,2.164
service_async,fixed,0,op-0,execution,1.196039,1.218613,1.187616,1.397162,0.022454,0.209546,3.906
service_async,fixed,0,op-1,execution,0.463854,0.482122,0.45484,0.513329,0.018138,0.058489,3.906
service_async,fixed,0,op-2,execution,0.33506,0.349592,0.330173,0.371595,0.014452,0.041422,3.906
service_async,fixed,1,op-0,execution,0.946663,0.968576,0.937319,1.149148,0.021773,0.211829,38.618
service_async,fixed,1,op-1,execution,0.301369,0.318034,0.294389,0.347539,0.016585,0.05315,38.618
service_async,fixed,1,op-2,execution,0.24888,0.263012,0.244424,0.283993,0.014061,0.039569,38.618
service_async,fixed,2,op-0,execution,0.901409,0.922912,0.892526,1.097144,0.021372,0.204618,4.026
service_async,fixed,2,op-1,execution,0.310899,0.327283,0.302786,0.356507,0.016314,0.053721,4.026
service_async,fixed,2,op-2,execution,0.381525,0.396467,0.376918,0.418781,0.014852,0.041863,4.026
service_async,fixed,3,op-0,execution,1.016218,1.055127,0.994345,1.280116,0.038077,0.285771,4.346
service_async,fixed,3,op-1,execution,0.407,0.42709,0.395152,0.465037,0.02,0.069885,4.346
service_async,fixed,3,op-2,execution,0.325646,0.342412,0.318085,0.647472,0.016655,0.329387,4.346
service_async,fixed,4,op-0,execution,0.904109,0.927033,0.895125,1.102819,0.022765,0.207694,3.424
service_async,fixed,4,op-1,execution,0.373018,0.397254,0.342291,0.429082,0.024106,0.086791,3.424
service_async,fixed,4,op-2,execution,0.24855,0.262901,0.244123,0.284854,0.014251,0.040731,3.424
service_async,fixed,5,op-0,execution,1.345584,1.369269,1.335899,1.583222,0.023396,0.247323,4.328
service_async,fixed,5,op-1,execution,1.581991,1.603543,1.571365,1.64787,0.021412,0.076505,4.328
service_async,fixed,5,op-2,execution,0.350784,0.367249,0.345796,0.393378,0.016385,0.047582,4.328
service_async,fixed,6,op-0,execution,0.948736,0.971991,0.936748,1.15686,0.022835,0.220112,3.866
service_async,fixed,6,op-1,execution,0.369281,0.385746,0.361189,0.416703,0.016384,0.055514,3.866
service_async,fixed,6,op-2,execution,0.279446,0.293477,0.275009,0.314709,0.013961,0.0397,3.866
service_async,fixed,7,op-0,execution,1.012717,1.044384,0.998155,1.294552,0.031217,0.296397,4.106
service_async,fixed,7,op-1,execution,0.381045,0.407444,0.371641,0.448426,0.02623,0.076785,4.106
service_async,fixed,7,op-2,execution,0.298751,0.321705,0.292001,0.353353,0.022854,0.061352,4.106
service_async,fixed,8,op-0,execution,1.223746,1.264557,1.197236,1.550028,0.039469,0.352792,4.106
service_async,fixed,8,op-1,execution,0.485703,0.520095,0.466414,0.577371,0.034161,0.110957,4.106
service_async,fixed,8,op-2,execution,0.377089,0.403449,0.363618,0.441366,0.02614,0.077748,4.106
service_async,fixed,9,op-0,execution,1.029648,1.061857,1.008136,1.277943,0.031467,0.269807,7.03
service_async,fixed,9,op-1,execution,0.402482,0.425997,0.387349,0.47415,0.023275,0.086801,7.03
service_async,fixed,9,op-2,execution,0.303272,0.320188,0.295571,0.349231,0.016846,0.05366,7.03
service_async,fixed,10,op-0,execution,1.040429,1.06744,1.031956,1.275874,0.02683,0.243918,4.006
service_async,fixed,10,op-1,execution,0.286743,0.303368,0.279782,0.334204,0.016585,0.054422,4.006
service_async,fixed,10,op-2,execution,0.247603,0.262716,0.243347,0.284529,0.015043,0.041182,4.006
service_async,fixed,11,op-0,execution,0.857999,0.879822,0.849617,1.06432,0.021662,0.214703,4.046
service_async,fixed,11,op-1,execution,0.336352,0.353248,0.328661,0.383533,0.016806,0.054872,4.046
service_async,fixed,11,op-2,execution,0.246878,0.261319,0.242621,0.282541,0.014331,0.03992,4.046
service_async,fixed,12,op-0,execution,1.191291,1.225653,1.161896,1.455559,0.03308,0.293663,4.628
service_async,fixed,12,op-1,execution,0.417985,0.436764,0.406608,0.473329,0.018558,0.066721,4.628
service_async,fixed,12,op-2,execution,0.542893,0.559859,0.534441,0.585758,0.016845,0.051317,4.628
service_async,fixed,13,op-0,execution,1.053343,1.085602,1.028536,1.311683,0.031267,0.283147,2.322
service_async,fixed,13,op-1,execution,0.469823,0.497795,0.450845,0.557896,0.027412,0.107051,2.322
service_async,fixed,13,op-2,execution,0.379447,0.400058,0.368791,0.433689,0.02014,0.064898,2.322
service_async,fixed,14,op-0,execution,0.879141,0.901394,0.870127,1.079613,0.022113,0.209486,2.204
service_async,fixed,14,op-1,execution,0.322707,0.342366,0.312341,0.384991,0.0195,0.07265,2.204
service_async,fixed,14,op-2,execution,0.272991,0.288825,0.267503,0.315435,0.015714,0.047932,2.204
service_async,fixed,15,op-0,execution,1.62481,1.662848,1.595927,1.910711,0.037036,0.314784,5.628
service_async,fixed,15,op-1,execution,0.35851,0.382496,0.344609,0.420834,0.023927,0.076225,5.628
service_async,fixed,15,op-2,execution,0.294625,0.316027,0.285341,0.341686,0.021342,0.056345,5.628
service_async,fixed,16,op-0,execution,2.805481,2.829247,2.792161,3.011051,0.023405,0.21889,2.084
service_async,fixed,16,op-1,execution,0.613255,0.632414,0.605143,0.675369,0.018788,0.070226,2.084
service_async,fixed,16,op-2,execution,0.268635,0.284069,0.263688,0.310418,0.015373,0.04673,2.084
service_async,fixed,17,op-0,execution,1.235508,1.275799,1.20333,1.569782,0.039519,0.366452,5.91
service_async,fixed,17,op-1,execution,0.410223,0.437444,0.39463,0.484145,0.027141,0.089515,5.91
service_async,fixed,17,op-2,execution,0.320909,0.344315,0.309622,0.38077,0.023325,0.071148,5.91
service_async,fixed,18,op-0,execution,0.962055,0.98522,0.948074,1.167726,0.022985,0.219652,1.862
service_async,fixed,18,op-1,execution,0.388361,0.406218,0.379547,0.439408,0.017767,0.059861,1.862
service_async,fixed,18,op-2,execution,0.279016,0.293979,0.274489,0.316002,0.014863,0.041513,1.862
service_async,fixed,19,op-0,execution,1.045161,1.084681,1.017499,1.436611,0.038849,0.419112,4.748
service_async,fixed,19,op-1,execution,0.399207,0.426619,0.384465,0.471727,0.027301,0.087262,4.748
service_async,fixed,19,op-2,execution,0.305355,0.354099,0.295611,0.390193,0.048653,0.094582,4.748
service_background_corrected,fixed,0,op-0,execution,3.96268,3.985845,3.945404,3.993957,0.022754,0.048553,1.944
service_background_corrected,fixed,0,op-1,execution,0.452507,0.469252,0.444254,0.472957,0.016625,0.028703,1.944
service_background_corrected,fixed,0,op-2,execution,0.413999,0.42806,0.40805,0.431275,0.013941,0.023225,1.944
service_background_corrected,fixed,1,op-0,execution,3.523785,3.545207,3.510074,3.552158,0.021232,0.042084,1.804
service_background_corrected,fixed,1,op-1,execution,0.369297,0.385461,0.361214,0.389096,0.016034,0.027882,1.804
service_background_corrected,fixed,1,op-2,execution,0.324719,0.339782,0.317198,0.343277,0.014962,0.026079,1.804
service_background_corrected,fixed,2,op-0,execution,3.516825,3.538628,3.502023,3.545929,0.021643,0.043906,1.924
service_background_corrected,fixed,2,op-1,execution,0.456329,0.473264,0.448226,0.477461,0.016825,0.029235,1.924
service_background_corrected,fixed,2,op-2,execution,0.290428,0.305651,0.284099,0.308956,0.015093,0.024857,1.924
service_background_corrected,fixed,3,op-0,execution,6.296651,6.318805,6.279615,6.326797,0.021873,0.047182,1.744
service_background_corrected,fixed,3,op-1,execution,0.444846,0.519739,0.43448,0.524046,0.018468,0.089566,1.744
service_background_corrected,fixed,3,op-2,execution,0.305846,0.319346,0.299797,0.322421,0.01344,0.022624,1.744
service_background_corrected,fixed,4,op-0,execution,5.769796,5.809566,5.732791,5.821424,0.038619,0.088633,1.962
service_background_corrected,fixed,4,op-1,execution,0.457415,0.482813,0.441531,0.488412,0.025238,0.046881,1.962
service_background_corrected,fixed,4,op-2,execution,0.359236,0.38178,0.347328,0.385997,0.022444,0.038669,1.962
service_background_corrected,fixed,5,op-0,execution,5.342031,5.372878,5.310634,5.382602,0.029905,0.071968,2.464
service_background_corrected,fixed,5,op-1,execution,0.438165,0.458466,0.423874,0.462743,0.02019,0.038869,2.464
service_background_corrected,fixed,5,op-2,execution,0.359657,0.37488,0.350273,0.378616,0.015153,0.028343,2.464
service_background_corrected,fixed,6,op-0,execution,3.674621,3.706459,3.612738,3.716985,0.030867,0.104247,1.802
service_background_corrected,fixed,6,op-1,execution,0.731994,0.755239,0.714668,0.760667,0.023004,0.045999,1.802
service_background_corrected,fixed,6,op-2,execution,0.449859,0.468977,0.43735,0.473945,0.018719,0.036595,1.802
service_background_corrected,fixed,7,op-0,execution,3.624706,3.648652,3.605046,3.657555,0.023435,0.052509,1.804
service_background_corrected,fixed,7,op-1,execution,0.448597,0.465492,0.439733,0.469268,0.016705,0.029535,1.804
service_background_corrected,fixed,7,op-2,execution,0.359683,0.375507,0.351561,0.379653,0.015654,0.028092,1.804
service_background_corrected,fixed,8,op-0,execution,3.511311,3.533054,3.496569,3.541597,0.021552,0.045028,1.922
service_background_corrected,fixed,8,op-1,execution,0.396704,0.412788,0.388291,0.416253,0.015954,0.027962,1.922
service_background_corrected,fixed,8,op-2,execution,0.308521,0.322803,0.301691,0.326098,0.014192,0.024407,1.922
service_background_corrected,fixed,9,op-0,execution,4.547629,4.570644,4.531935,4.577975,0.022634,0.04604,2.524
service_background_corrected,fixed,9,op-1,execution,0.525002,0.541807,0.516118,0.545983,0.016665,0.029865,2.524
service_background_corrected,fixed,9,op-2,execution,0.417991,0.432964,0.410159,0.43675,0.014842,0.026591,2.524
service_background_corrected,fixed,10,op-0,execution,3.47169,3.496157,3.454053,3.504299,0.023946,0.050246,6.05
service_background_corrected,fixed,10,op-1,execution,0.429733,0.447229,0.420809,0.451175,0.017376,0.030366,6.05
service_background_corrected,fixed,10,op-2,execution,0.350343,0.364855,0.343883,0.36819,0.014452,0.024307,6.05
service_background_corrected,fixed,11,op-0,execution,4.95429,4.983985,4.928271,4.994451,0.029244,0.06618,2.204
service_background_corrected,fixed,11,op-1,execution,0.600456,0.62293,0.589119,0.627757,0.022354,0.038638,2.204
service_background_corrected,fixed,11,op-2,execution,0.545462,0.566995,0.535517,0.571692,0.021392,0.036175,2.204
service_background_corrected,fixed,12,op-0,execution,3.434729,3.456472,3.420517,3.463963,0.021593,0.043446,4.766
service_background_corrected,fixed,12,op-1,execution,0.43131,0.448296,0.422947,0.452061,0.016866,0.029114,4.766
service_background_corrected,fixed,12,op-2,execution,0.292992,0.308255,0.286652,0.31187,0.015153,0.025218,4.766
service_background_corrected,fixed,13,op-0,execution,3.857137,3.880382,3.838008,3.888074,0.022954,0.050066,1.842
service_background_corrected,fixed,13,op-1,execution,0.452963,0.469438,0.445172,0.473084,0.016354,0.027912,1.842
service_background_corrected,fixed,13,op-2,execution,0.295265,0.309967,0.288925,0.313733,0.014632,0.024808,1.842
service_background_corrected,fixed,14,op-0,execution,4.572551,4.604399,4.5392,4.616337,0.030687,0.077137,2.044
service_background_corrected,fixed,14,op-1,execution,0.552187,0.571126,0.539969,0.575642,0.018698,0.035673,2.044
service_background_corrected,fixed,14,op-2,execution,0.393228,0.409442,0.382732,0.413398,0.016025,0.030666,2.044
service_background_corrected,fixed,15,op-0,execution,3.947903,3.977758,3.917347,3.987463,0.028624,0.070116,1.504
service_background_corrected,fixed,15,op-1,execution,0.498041,0.517501,0.485733,0.522348,0.019199,0.036615,1.504
service_background_corrected,fixed,15,op-2,execution,0.345572,0.391401,0.336328,0.395246,0.045719,0.058918,1.504
service_background_corrected,fixed,16,op-0,execution,3.517519,3.547655,3.489246,3.557029,0.029134,0.067783,1.822
service_background_corrected,fixed,16,op-1,execution,0.467529,0.487459,0.454069,0.492327,0.01971,0.038258,1.822
service_background_corrected,fixed,16,op-2,execution,0.338415,0.35446,0.328831,0.376813,0.015854,0.047982,1.822
service_background_corrected,fixed,17,op-0,execution,7.957231,7.984032,7.935388,7.992645,0.026109,0.057257,2.022
service_background_corrected,fixed,17,op-1,execution,0.501607,0.518933,0.492793,0.523069,0.017226,0.030276,2.022
service_background_corrected,fixed,17,op-2,execution,0.340203,0.354174,0.333623,0.357139,0.013851,0.023516,2.022
service_background_corrected,fixed,18,op-0,execution,3.615773,3.645407,3.585828,3.655152,0.028523,0.069324,2.164
service_background_corrected,fixed,18,op-1,execution,0.499644,0.520165,0.483289,0.525613,0.020331,0.042324,2.164
service_background_corrected,fixed,18,op-2,execution,0.368706,0.384941,0.35827,0.388896,0.016025,0.030626,2.164
service_background_corrected,fixed,19,op-0,execution,3.683724,3.706669,3.662062,3.71387,0.022284,0.051808,6.428
service_background_corrected,fixed,19,op-1,execution,0.432362,0.448416,0.424219,0.452031,0.015954,0.027812,6.428
service_background_corrected,fixed,19,op-2,execution,0.351188,0.379371,0.345079,0.382616,0.028112,0.037537,6.428
service_background_gap,fixed,0,op-0,execution,3.573908,3.607068,,,0.032779,,5.468
service_background_gap,fixed,0,op-1,execution,0.41812,0.436949,,,0.018658,,5.468
service_background_gap,fixed,0,op-2,execution,0.298504,0.318955,,,0.020001,,5.468
service_background_gap,fixed,1,op-0,execution,3.632132,3.66389,,,0.031057,,5.228
service_background_gap,fixed,1,op-1,execution,0.40819,0.427038,,,0.018789,,5.228
service_background_gap,fixed,1,op-2,execution,0.290893,0.307719,,,0.016706,,5.228
service_background_gap,fixed,2,op-0,execution,4.269975,4.307071,,,0.036656,,6.028
service_background_gap,fixed,2,op-1,execution,0.409407,0.431871,,,0.022093,,6.028
service_background_gap,fixed,2,op-2,execution,0.303458,0.334154,,,0.030526,,6.028
service_background_gap,fixed,3,op-0,execution,3.384409,3.425601,,,0.040792,,2.082
service_background_gap,fixed,3,op-1,execution,0.412247,0.440489,,,0.028003,,2.082
service_background_gap,fixed,3,op-2,execution,0.298195,0.322291,,,0.023886,,2.082
service_background_gap,fixed,4,op-0,execution,5.840814,5.899512,,,0.057998,,6.21
service_background_gap,fixed,4,op-1,execution,0.448943,0.472318,,,0.023285,,6.21
service_background_gap,fixed,4,op-2,execution,0.291945,0.310273,,,0.018287,,6.21
service_background_gap,fixed,5,op-0,execution,4.450817,4.511268,,,0.058207,,5.368
service_background_gap,fixed,5,op-1,execution,0.400809,0.427359,,,0.02621,,5.368
service_background_gap,fixed,5,op-2,execution,0.362892,0.386488,,,0.023325,,5.368
service_background_gap,fixed,6,op-0,execution,3.469046,3.528035,,,0.049054,,5.368
service_background_gap,fixed,6,op-1,execution,0.363593,0.391986,,,0.028063,,5.368
service_background_gap,fixed,6,op-2,execution,0.312626,0.410023,,,0.097227,,5.368
service_background_gap,fixed,7,op-0,execution,3.266647,3.296021,,,0.029174,,3.826
service_background_gap,fixed,7,op-1,execution,0.348525,0.367484,,,0.018788,,3.826
service_background_gap,fixed,7,op-2,execution,0.287153,0.304159,,,0.016856,,3.826
service_background_gap,fixed,8,op-0,execution,3.608483,3.638979,,,0.029975,,5.308
service_background_gap,fixed,8,op-1,execution,0.374906,0.394966,,,0.01992,,5.308
service_background_gap,fixed,8,op-2,execution,0.286102,0.302026,,,0.015894,,5.308
service_background_gap,fixed,9,op-0,execution,3.581542,3.617556,,,0.035694,,5.508
service_background_gap,fixed,9,op-1,execution,0.386463,0.414495,,,0.027852,,5.508
service_background_gap,fixed,9,op-2,execution,0.321055,0.346313,,,0.024927,,5.508
service_background_gap,fixed,10,op-0,execution,3.744468,3.804498,,,0.058077,,5.77
service_background_gap,fixed,10,op-1,execution,0.394906,0.420955,,,0.025598,,5.77
service_background_gap,fixed,10,op-2,execution,0.330268,0.350268,,,0.019799,,5.77
service_background_gap,fixed,11,op-0,execution,5.514264,5.555397,,,0.040011,,6.288
service_background_gap,fixed,11,op-1,execution,0.475917,0.49753,,,0.021482,,6.288
service_background_gap,fixed,11,op-2,execution,0.397719,0.415827,,,0.017897,,6.288
service_background_gap,fixed,12,op-0,execution,3.437538,3.528745,,,0.089856,,5.888
service_background_gap,fixed,12,op-1,execution,0.425587,0.456123,,,0.029665,,5.888
service_background_gap,fixed,12,op-2,execution,0.366287,0.385066,,,0.018558,,5.888
service_background_gap,fixed,13,op-0,execution,3.409471,3.441499,,,0.031598,,5.53
service_background_gap,fixed,13,op-1,execution,0.373392,0.394464,,,0.020871,,5.53
service_background_gap,fixed,13,op-2,execution,0.300673,0.318199,,,0.017407,,5.53
service_background_gap,fixed,14,op-0,execution,3.251459,3.280533,,,0.028784,,4.646
service_background_gap,fixed,14,op-1,execution,0.366898,0.385566,,,0.018508,,4.646
service_background_gap,fixed,14,op-2,execution,0.30831,0.322822,,,0.014472,,4.646
service_background_gap,fixed,15,op-0,execution,3.574405,3.6369,,,0.060702,,5.93
service_background_gap,fixed,15,op-1,execution,0.425908,0.453489,,,0.027241,,5.93
service_background_gap,fixed,15,op-2,execution,0.31508,0.334759,,,0.01947,,5.93
service_background_gap,fixed,16,op-0,execution,3.426347,3.492377,,,0.065839,,5.588
service_background_gap,fixed,16,op-1,execution,0.427255,0.454286,,,0.026811,,5.588
service_background_gap,fixed,16,op-2,execution,0.307613,0.33172,,,0.023896,,5.588
service_background_gap,fixed,17,op-0,execution,6.185364,6.234799,,,0.047762,,5.968
service_background_gap,fixed,17,op-1,execution,0.428212,0.45356,,,0.025018,,5.968
service_background_gap,fixed,17,op-2,execution,0.333158,0.35401,,,0.020611,,5.968
service_background_gap,fixed,18,op-0,execution,3.301133,3.337568,,,0.036004,,5.268
service_background_gap,fixed,18,op-1,execution,0.384945,0.412176,,,0.02698,,5.268
service_background_gap,fixed,18,op-2,execution,0.329292,0.35435,,,0.024778,,5.268
service_background_gap,fixed,19,op-0,execution,3.732524,3.792385,,,0.058118,,5.448
service_background_gap,fixed,19,op-1,execution,0.469504,0.495834,,,0.025999,,5.448
service_background_gap,fixed,19,op-2,execution,0.32152,0.340328,,,0.018639,,5.448
service_caller_handles,fixed,0,op-0,execution,6.128836,6.163438,6.107193,11.184449,0.033701,5.077256,53.782
service_caller_handles,fixed,0,op-1,execution,0.587441,0.610626,0.58006,0.906001,0.023075,0.325941,53.782
service_caller_handles,fixed,0,op-2,execution,0.38222,0.400658,0.376452,0.616283,0.018337,0.239831,53.782
service_caller_handles,fixed,1,op-0,execution,0.854685,0.880083,0.845942,1.834563,0.025258,0.988621,5.508
service_caller_handles,fixed,1,op-1,execution,0.381491,0.403114,0.375011,0.641263,0.021533,0.266252,5.508
service_caller_handles,fixed,1,op-2,execution,0.267228,0.284164,0.26214,0.483454,0.016856,0.221314,5.508
service_caller_handles,fixed,2,op-0,execution,1.040765,1.081546,1.016809,2.034494,0.040031,1.017685,6.53
service_caller_handles,fixed,2,op-1,execution,0.378466,0.401971,0.368731,0.65963,0.023356,0.290899,6.53
service_caller_handles,fixed,2,op-2,execution,0.323272,0.343242,0.313928,0.551486,0.01988,0.237558,6.53
service_caller_handles,fixed,3,op-0,execution,1.075312,1.117796,1.050114,2.163113,0.041833,1.112999,2.904
service_caller_handles,fixed,3,op-1,execution,0.403468,0.430179,0.389868,0.765414,0.02649,0.375546,2.904
service_caller_handles,fixed,3,op-2,execution,0.315311,0.336943,0.304895,0.639309,0.021412,0.334414,2.904
service_caller_handles,fixed,4,op-0,execution,1.046799,1.08691,1.021822,2.036712,0.03958,1.01489,3.066
service_caller_handles,fixed,4,op-1,execution,0.408416,0.434496,0.398051,0.733136,0.025939,0.335085,3.066
service_caller_handles,fixed,4,op-2,execution,0.321074,0.340484,0.313463,0.559414,0.019329,0.245951,3.066
service_caller_handles,fixed,5,op-0,execution,3.930642,3.967257,3.912104,4.911712,0.036325,0.999608,3.546
service_caller_handles,fixed,5,op-1,execution,0.441942,0.468702,0.433939,0.794974,0.02668,0.361035,3.546
service_caller_handles,fixed,5,op-2,execution,0.333357,0.356412,0.327228,0.620651,0.022964,0.293423,3.546
service_caller_handles,fixed,6,op-0,execution,1.012522,1.049708,0.991,1.927852,0.036605,0.936852,2.724
service_caller_handles,fixed,6,op-1,execution,0.358647,0.381481,0.348131,0.654473,0.022714,0.306342,2.724
service_caller_handles,fixed,6,op-2,execution,0.309001,0.329021,0.299917,0.676495,0.01989,0.376578,2.724
service_caller_handles,fixed,7,op-0,execution,1.908663,1.937887,1.90005,2.646545,0.028733,0.746495,3.526
service_caller_handles,fixed,7,op-1,execution,0.395922,0.417835,0.389402,0.649444,0.021773,0.260042,3.526
service_caller_handles,fixed,7,op-2,execution,0.318054,0.337253,0.313277,0.575943,0.019109,0.262666,3.526
service_caller_handles,fixed,8,op-0,execution,0.90836,0.93454,0.898065,1.630359,0.026039,0.732294,50.336
service_caller_handles,fixed,8,op-1,execution,0.407685,0.427034,0.401626,0.763612,0.019269,0.361986,50.336
service_caller_handles,fixed,8,op-2,execution,0.3375,0.354966,0.331951,0.556209,0.017396,0.224258,50.336
service_caller_handles,fixed,9,op-0,execution,1.029638,1.065482,1.008536,2.016977,0.035122,1.008441,3.846
service_caller_handles,fixed,9,op-1,execution,0.449542,0.476293,0.437775,0.773341,0.02651,0.335566,3.846
service_caller_handles,fixed,9,op-2,execution,0.354499,0.376403,0.345175,0.61358,0.021352,0.268405,3.846
service_caller_handles,fixed,10,op-0,execution,0.891103,0.916822,0.88243,1.65158,0.025518,0.76915,2.664
service_caller_handles,fixed,10,op-1,execution,0.359653,0.380985,0.352642,0.641908,0.021222,0.289266,2.664
service_caller_handles,fixed,10,op-2,execution,0.281194,0.299001,0.275675,0.50412,0.017757,0.228445,2.664
service_caller_handles,fixed,11,op-0,execution,0.924695,0.951926,0.912567,1.728577,0.0268,0.81601,7.872
service_caller_handles,fixed,11,op-1,execution,0.391425,0.413669,0.384665,0.676756,0.022143,0.292091,7.872
service_caller_handles,fixed,11,op-2,execution,0.302331,0.32141,0.296923,0.548713,0.018968,0.25179,7.872
service_caller_handles,fixed,12,op-0,execution,1.107134,1.151031,1.084661,2.1124,0.043065,1.027739,3.046
service_caller_handles,fixed,12,op-1,execution,0.373308,0.396934,0.363223,0.749095,0.023445,0.385872,3.046
service_caller_handles,fixed,12,op-2,execution,0.297353,0.317213,0.289602,0.585588,0.01979,0.295986,3.046
service_caller_handles,fixed,13,op-0,execution,1.119484,1.161687,1.094706,2.149356,0.041272,1.05465,3.404
service_caller_handles,fixed,13,op-1,execution,0.609735,0.642604,0.595203,0.998541,0.032268,0.403338,3.404
service_caller_handles,fixed,13,op-2,execution,0.549604,0.670317,0.536445,0.938751,0.120051,0.402306,3.404
service_caller_handles,fixed,14,op-0,execution,1.09739,1.139093,1.073424,2.150578,0.040822,1.077154,3.026
service_caller_handles,fixed,14,op-1,execution,0.419618,0.44765,0.40742,0.750337,0.027542,0.342917,3.026
service_caller_handles,fixed,14,op-2,execution,0.368631,0.389001,0.359647,0.606059,0.02019,0.246412,3.026
service_caller_handles,fixed,15,op-0,execution,1.024274,1.048611,1.016312,1.692662,0.024196,0.67635,2.404
service_caller_handles,fixed,15,op-1,execution,0.511531,0.53042,0.506003,0.932276,0.018828,0.426273,2.404
service_caller_handles,fixed,15,op-2,execution,0.340448,0.386448,0.322832,0.749004,0.045429,0.426172,2.404
service_caller_handles,fixed,16,op-0,execution,0.97472,1.000379,0.963984,1.762498,0.025489,0.798514,2.824
service_caller_handles,fixed,16,op-1,execution,0.331901,0.355607,0.325221,0.592494,0.023586,0.267273,2.824
service_caller_handles,fixed,16,op-2,execution,0.286202,0.304129,0.281064,0.512593,0.017847,0.231529,2.824
service_caller_handles,fixed,17,op-0,execution,2.922847,2.948787,2.911991,7.197183,0.025759,4.285192,2.686
service_caller_handles,fixed,17,op-1,execution,0.351229,0.371439,0.344829,0.603499,0.020141,0.25867,2.686
service_caller_handles,fixed,17,op-2,execution,0.26496,0.281705,0.260293,0.470319,0.016655,0.210026,2.686
service_caller_handles,fixed,18,op-0,execution,1.060034,1.086153,1.051641,2.10535,0.025859,1.053709,3.706
service_caller_handles,fixed,18,op-1,execution,0.387911,0.408111,0.381962,0.742526,0.02009,0.360564,3.706
service_caller_handles,fixed,18,op-2,execution,0.312687,0.329933,0.307519,0.531367,0.017146,0.223848,3.706
service_caller_handles,fixed,19,op-0,execution,0.903456,0.929596,0.894102,1.612896,0.026049,0.718794,2.644
service_caller_handles,fixed,19,op-1,execution,0.324764,0.344484,0.318234,0.589263,0.0196,0.271029,2.644
service_caller_handles,fixed,19,op-2,execution,0.266827,0.283522,0.261869,0.513959,0.016605,0.25209,2.644
service_default,fixed,0,op-0,context-only,1.585856,1.619827,,,0.03358,,3.024
service_default,fixed,0,op-1,context-only,5.549232,5.590705,,,0.040511,,3.024
service_default,fixed,0,op-2,context-only,0.492747,0.510454,,,0.017616,,3.024
service_default,fixed,1,op-0,context-only,0.899637,0.956703,,,0.056115,,2.244
service_default,fixed,1,op-1,context-only,0.316959,0.343008,,,0.025679,,2.244
service_default,fixed,1,op-2,context-only,0.271299,0.291169,,,0.019629,,2.244
service_default,fixed,2,op-0,context-only,0.810577,0.839651,,,0.028824,,2.724
service_default,fixed,2,op-1,context-only,0.273959,0.293158,,,0.019079,,2.724
service_default,fixed,2,op-2,context-only,0.235019,0.251805,,,0.016655,,2.724
service_default,fixed,3,op-0,context-only,0.853052,0.882416,,,0.029053,,2.124
service_default,fixed,3,op-1,context-only,0.364726,0.386779,,,0.021873,,2.124
service_default,fixed,3,op-2,context-only,0.255039,0.272015,,,0.016885,,2.124
service_default,fixed,4,op-0,context-only,1.151788,1.184297,,,0.032068,,2.544
service_default,fixed,4,op-1,context-only,0.37817,0.399482,,,0.021162,,2.544
service_default,fixed,4,op-2,context-only,0.402919,0.421016,,,0.017937,,2.544
service_default,fixed,5,op-0,context-only,1.071526,1.1006,,,0.028773,,2.064
service_default,fixed,5,op-1,context-only,0.313533,0.331961,,,0.018268,,2.064
service_default,fixed,5,op-2,context-only,0.236377,0.251329,,,0.014872,,2.064
service_default,fixed,6,op-0,context-only,0.989177,1.045692,,,0.055363,,2.484
service_default,fixed,6,op-1,context-only,0.32782,0.35453,,,0.02633,,2.484
service_default,fixed,6,op-2,context-only,0.243763,0.265035,,,0.020991,,2.484
service_default,fixed,7,op-0,context-only,1.032842,1.075857,,,0.042785,,2.004
service_default,fixed,7,op-1,context-only,0.33513,0.358265,,,0.022994,,2.004
service_default,fixed,7,op-2,context-only,0.296282,0.316562,,,0.02013,,2.004
service_default,fixed,8,op-0,context-only,0.820968,0.849812,,,0.028713,,2.142
service_default,fixed,8,op-1,context-only,0.311531,0.329468,,,0.017817,,2.142
service_default,fixed,8,op-2,context-only,0.230248,0.247354,,,0.016955,,2.142
service_default,fixed,9,op-0,context-only,0.870408,0.925271,,,0.053501,,54.242
service_default,fixed,9,op-1,context-only,0.300999,0.335321,,,0.033901,,54.242
service_default,fixed,9,op-2,context-only,0.271895,0.29485,,,0.022844,,54.242
service_default,fixed,10,op-0,context-only,0.954084,1.018441,,,0.063346,,2.082
service_default,fixed,10,op-1,context-only,0.3812,0.4082,,,0.02648,,2.082
service_default,fixed,10,op-2,context-only,0.2614,0.28146,,,0.01981,,2.082
service_default,fixed,11,op-0,context-only,1.081511,1.111666,,,0.029725,,6.77
service_default,fixed,11,op-1,context-only,0.291299,0.314384,,,0.022884,,6.77
service_default,fixed,11,op-2,context-only,0.232891,0.249326,,,0.016345,,6.77
service_default,fixed,12,op-0,context-only,1.053153,1.11738,,,0.062724,,5.288
service_default,fixed,12,op-1,context-only,0.311815,0.338455,,,0.0263,,5.288
service_default,fixed,12,op-2,context-only,0.247278,0.26811,,,0.020631,,5.288
service_default,fixed,13,op-0,context-only,1.485664,1.515219,,,0.029134,,2.142
service_default,fixed,13,op-1,context-only,0.523544,0.544015,,,0.020301,,2.142
service_default,fixed,13,op-2,context-only,0.612888,0.629473,,,0.016484,,2.142
service_default,fixed,14,op-0,context-only,0.888095,0.947815,,,0.058288,,2.564
service_default,fixed,14,op-1,context-only,0.339296,0.365255,,,0.025709,,2.564
service_default,fixed,14,op-2,context-only,0.247489,0.268941,,,0.021202,,2.564
service_default,fixed,15,op-0,context-only,2.501722,2.537596,,,0.035383,,10.034
service_default,fixed,15,op-1,context-only,0.353132,0.372431,,,0.019179,,10.034
service_default,fixed,15,op-2,context-only,0.286371,0.301384,,,0.014912,,10.034
service_default,fixed,16,op-0,context-only,3.803001,3.839225,,,0.035825,,42.764
service_default,fixed,16,op-1,context-only,0.437625,0.458667,,,0.020862,,42.764
service_default,fixed,16,op-2,context-only,1.034616,1.054145,,,0.019399,,42.764
service_default,fixed,17,op-0,context-only,3.217292,3.247017,,,0.029574,,1.884
service_default,fixed,17,op-1,context-only,0.309627,0.329767,,,0.0199,,1.884
service_default,fixed,17,op-2,context-only,0.308446,0.326212,,,0.017617,,1.884
service_default,fixed,18,op-0,context-only,1.100805,1.16391,,,0.061833,,2.084
service_default,fixed,18,op-1,context-only,0.325275,0.35505,,,0.029274,,2.084
service_default,fixed,18,op-2,context-only,0.283062,0.305155,,,0.021873,,2.084
service_default,fixed,19,op-0,context-only,0.908811,0.972246,,,0.062585,,2.484
service_default,fixed,19,op-1,context-only,0.502798,0.528797,,,0.025628,,2.484
service_default,fixed,19,op-2,context-only,0.246061,0.265871,,,0.019579,,2.484
service_sync_corrected,fixed,0,op-0,execution,4.14848,4.236763,4.11552,4.249422,0.087331,0.133902,4.886
service_sync_corrected,fixed,0,op-1,execution,0.541642,0.565318,0.525798,0.570896,0.023456,0.045098,4.886
service_sync_corrected,fixed,0,op-2,execution,0.33467,0.352367,0.322762,0.356633,0.017497,0.033871,4.886
service_sync_corrected,fixed,1,op-0,execution,3.398506,3.420649,3.384074,3.428551,0.021953,0.044477,2.102
service_sync_corrected,fixed,1,op-1,execution,0.377525,0.396323,0.366939,0.40087,0.018658,0.033931,2.102
service_sync_corrected,fixed,1,op-2,execution,0.310273,0.325276,0.302772,0.328741,0.014852,0.025969,2.102
service_sync_corrected,fixed,2,op-0,execution,4.165523,4.214507,4.146715,4.22313,0.048493,0.076415,5.068
service_sync_corrected,fixed,2,op-1,execution,0.47045,0.487676,0.461626,0.491952,0.017086,0.030326,5.068
service_sync_corrected,fixed,2,op-2,execution,0.426313,0.441506,0.418471,0.445973,0.015062,0.027502,5.068
service_sync_corrected,fixed,3,op-0,execution,4.57539,4.606958,4.545655,4.618575,0.030466,0.07292,5.91
service_sync_corrected,fixed,3,op-1,execution,0.407684,0.426232,0.395185,0.430498,0.018287,0.035313,5.91
service_sync_corrected,fixed,3,op-2,execution,0.388626,0.406983,0.376317,0.411981,0.018158,0.035664,5.91
service_sync_corrected,fixed,4,op-0,execution,3.639319,3.670716,3.611256,3.680431,0.030396,0.069175,2.264
service_sync_corrected,fixed,4,op-1,execution,0.400835,0.419713,0.388687,0.42439,0.018679,0.035703,2.264
service_sync_corrected,fixed,4,op-2,execution,0.343709,0.359443,0.334024,0.363328,0.015624,0.029304,2.264
service_sync_corrected,fixed,5,op-0,execution,3.981254,4.01187,3.951719,4.026432,0.029805,0.074713,5.468
service_sync_corrected,fixed,5,op-1,execution,0.821238,0.873296,0.805775,0.878875,0.051578,0.0731,5.468
service_sync_corrected,fixed,5,op-2,execution,0.903943,0.920668,0.892286,0.925015,0.016585,0.032729,5.468
service_sync_corrected,fixed,6,op-0,execution,3.794758,3.825124,3.765514,3.834918,0.029274,0.069404,2.442
service_sync_corrected,fixed,6,op-1,execution,0.432908,0.453729,0.419969,0.458687,0.020611,0.038718,2.442
service_sync_corrected,fixed,6,op-2,execution,0.410083,0.426959,0.399377,0.431275,0.016675,0.031898,2.442
service_sync_corrected,fixed,7,op-0,execution,3.234457,3.281428,3.217952,3.289821,0.0467,0.071869,49.714
service_sync_corrected,fixed,7,op-1,execution,0.356337,0.409167,0.348395,0.413744,0.05271,0.065349,49.714
service_sync_corrected,fixed,7,op-2,execution,0.263627,0.27876,0.256917,0.282145,0.015063,0.025228,49.714
service_sync_corrected,fixed,8,op-0,execution,3.32887,3.351184,3.314659,3.359266,0.022003,0.044607,5.63
service_sync_corrected,fixed,8,op-1,execution,0.367334,0.385792,0.357489,0.390319,0.018348,0.03283,5.63
service_sync_corrected,fixed,8,op-2,execution,0.277498,0.29194,0.270528,0.295395,0.014342,0.024867,5.63
service_sync_corrected,fixed,9,op-0,execution,3.477419,3.507184,3.447544,3.516839,0.028673,0.069295,6.568
service_sync_corrected,fixed,9,op-1,execution,0.430044,0.448912,0.416673,0.453729,0.018588,0.037056,6.568
service_sync_corrected,fixed,9,op-2,execution,0.316021,0.331415,0.305946,0.33525,0.015183,0.029304,6.568
service_sync_corrected,fixed,10,op-0,execution,3.725263,3.757672,3.694226,3.767857,0.031588,0.073631,2.746
service_sync_corrected,fixed,10,op-1,execution,0.400108,0.420159,0.386288,0.424826,0.0199,0.038538,2.746
service_sync_corrected,fixed,10,op-2,execution,0.314059,0.329913,0.303322,0.333778,0.015774,0.030456,2.746
service_sync_corrected,fixed,11,op-0,execution,3.714111,3.736575,3.698678,3.744277,0.022294,0.045599,2.764
service_sync_corrected,fixed,11,op-1,execution,0.36482,0.381825,0.356197,0.385491,0.016895,0.029294,2.764
service_sync_corrected,fixed,11,op-2,execution,0.325461,0.346993,0.316127,0.352031,0.021413,0.035904,2.764
service_sync_corrected,fixed,12,op-0,execution,3.495166,3.545111,3.462607,3.556478,0.048823,0.093871,5.026
service_sync_corrected,fixed,12,op-1,execution,0.424945,0.448631,0.409953,0.453368,0.023485,0.043415,5.026
service_sync_corrected,fixed,12,op-2,execution,0.305716,0.322051,0.295631,0.325987,0.016205,0.030356,5.026
service_sync_corrected,fixed,13,op-0,execution,4.175087,4.198372,4.15771,4.207055,0.022905,0.049345,6.37
service_sync_corrected,fixed,13,op-1,execution,0.431351,0.447475,0.422548,0.451351,0.016014,0.028803,6.37
service_sync_corrected,fixed,13,op-2,execution,0.64296,0.657341,0.634537,0.661087,0.014371,0.02655,6.37
service_sync_corrected,fixed,14,op-0,execution,3.889761,3.92187,3.859055,3.934038,0.031257,0.074983,2.184
service_sync_corrected,fixed,14,op-1,execution,0.632609,0.652289,0.618057,0.657256,0.019519,0.039199,2.184
service_sync_corrected,fixed,14,op-2,execution,0.31427,0.330394,0.304966,0.33433,0.015894,0.029364,2.184
service_sync_corrected,fixed,15,op-0,execution,3.477985,3.500629,3.458635,3.508611,0.022434,0.049976,2.324
service_sync_corrected,fixed,15,op-1,execution,0.40443,0.422297,0.396017,0.426072,0.017717,0.030055,2.324
service_sync_corrected,fixed,15,op-2,execution,0.275245,0.290588,0.268355,0.294043,0.015243,0.025688,2.324
service_sync_corrected,fixed,16,op-0,execution,3.37484,3.396653,3.358836,3.405116,0.021652,0.04628,2.484
service_sync_corrected,fixed,16,op-1,execution,0.387655,0.403649,0.378811,0.407424,0.015894,0.028613,2.484
service_sync_corrected,fixed,16,op-2,execution,0.297199,0.355126,0.288986,0.360184,0.057817,0.071198,2.484
service_sync_corrected,fixed,17,op-0,execution,13.647726,13.679483,13.619633,13.688938,0.030707,0.069305,37.878
service_sync_corrected,fixed,17,op-1,execution,0.421681,0.44143,0.408891,0.445917,0.019439,0.037026,37.878
service_sync_corrected,fixed,17,op-2,execution,0.293548,0.30831,0.284394,0.311715,0.014562,0.027321,37.878
service_sync_corrected,fixed,18,op-0,execution,4.135858,4.158632,4.119363,4.166874,0.022604,0.047511,2.844
service_sync_corrected,fixed,18,op-1,execution,0.432733,0.449378,0.424471,0.453164,0.016495,0.028693,2.844
service_sync_corrected,fixed,18,op-2,execution,0.334164,0.348235,0.326893,0.351691,0.013951,0.024798,2.844
service_sync_corrected,fixed,19,op-0,execution,3.806431,3.828704,3.790567,3.836636,0.022084,0.046069,8.834
service_sync_corrected,fixed,19,op-1,execution,0.345962,0.363078,0.33821,0.366733,0.016976,0.028523,8.834
service_sync_corrected,fixed,19,op-2,execution,0.555418,0.57064,0.547846,0.574416,0.015123,0.02657,8.834
service_sync_gap,fixed,0,op-0,execution,3.548031,3.584676,,,0.035533,,1.782
service_sync_gap,fixed,0,op-1,execution,0.392211,0.412041,,,0.0198,,1.782
service_sync_gap,fixed,0,op-2,execution,0.27849,0.310588,,,0.031989,,1.782
service_sync_gap,fixed,1,op-0,execution,3.397234,3.42731,,,0.029725,,1.422
service_sync_gap,fixed,1,op-1,execution,0.328656,0.347554,,,0.018729,,1.422
service_sync_gap,fixed,1,op-2,execution,0.270508,0.2848,,,0.014242,,1.422
service_sync_gap,fixed,2,op-0,execution,3.471326,3.538847,,,0.06649,,2.164
service_sync_gap,fixed,2,op-1,execution,0.379001,0.40471,,,0.025338,,2.164
service_sync_gap,fixed,2,op-2,execution,0.267594,0.289176,,,0.021222,,2.164
service_sync_gap,fixed,3,op-0,execution,3.62649,3.668173,,,0.041042,,1.862
service_sync_gap,fixed,3,op-1,execution,0.389137,0.416729,,,0.027361,,1.862
service_sync_gap,fixed,3,op-2,execution,0.280223,0.304509,,,0.024097,,1.862
service_sync_gap,fixed,4,op-0,execution,3.719197,3.750334,,,0.030867,,1.784
service_sync_gap,fixed,4,op-1,execution,0.327613,0.348615,,,0.020811,,1.784
service_sync_gap,fixed,4,op-2,execution,0.264288,0.282615,,,0.018148,,1.784
service_sync_gap,fixed,5,op-0,execution,3.502587,3.571902,,,0.069024,,2.004
service_sync_gap,fixed,5,op-1,execution,0.370594,0.391034,,,0.020341,,2.004
service_sync_gap,fixed,5,op-2,execution,0.246907,0.26184,,,0.014883,,2.004
service_sync_gap,fixed,6,op-0,execution,3.464895,3.502391,,,0.037006,,1.944
service_sync_gap,fixed,6,op-1,execution,0.40477,0.425632,,,0.020561,,1.944
service_sync_gap,fixed,6,op-2,execution,0.289156,0.30519,,,0.015904,,1.944
service_sync_gap,fixed,7,op-0,execution,3.631315,3.666959,,,0.034732,,1.924
service_sync_gap,fixed,7,op-1,execution,0.352081,0.372121,,,0.0199,,1.924
service_sync_gap,fixed,7,op-2,execution,0.254573,0.269976,,,0.015323,,1.924
service_sync_gap,fixed,8,op-0,execution,3.539032,3.569478,,,0.030165,,1.542
service_sync_gap,fixed,8,op-1,execution,0.341009,0.3614,,,0.02018,,1.542
service_sync_gap,fixed,8,op-2,execution,0.334019,0.349943,,,0.015904,,1.542
service_sync_gap,fixed,9,op-0,execution,6.333021,6.389225,,,0.054703,,2.244
service_sync_gap,fixed,9,op-1,execution,0.519543,0.557741,,,0.037316,,2.244
service_sync_gap,fixed,9,op-2,execution,0.275004,0.296166,,,0.020751,,2.244
service_sync_gap,fixed,10,op-0,execution,4.021009,4.07459,,,0.052119,,1.804
service_sync_gap,fixed,10,op-1,execution,0.463464,0.496784,,,0.032669,,1.804
service_sync_gap,fixed,10,op-2,execution,0.291885,0.314179,,,0.022064,,1.804
service_sync_gap,fixed,11,op-0,execution,3.757987,3.818819,,,0.059119,,1.642
service_sync_gap,fixed,11,op-1,execution,0.347123,0.373583,,,0.026149,,1.642
service_sync_gap,fixed,11,op-2,execution,0.267283,0.287073,,,0.0196,,1.642
service_sync_gap,fixed,12,op-0,execution,4.513687,4.559126,,,0.044778,,2.504
service_sync_gap,fixed,12,op-1,execution,0.505993,0.531902,,,0.025719,,2.504
service_sync_gap,fixed,12,op-2,execution,0.469789,0.493505,,,0.023606,,2.504
service_sync_gap,fixed,13,op-0,execution,3.529998,3.56446,,,0.033962,,1.842
service_sync_gap,fixed,13,op-1,execution,0.38104,0.407941,,,0.02672,,1.842
service_sync_gap,fixed,13,op-2,execution,0.276001,0.300388,,,0.024076,,1.842
service_sync_gap,fixed,14,op-0,execution,3.451149,3.507594,,,0.054623,,3.044
service_sync_gap,fixed,14,op-1,execution,0.375351,0.40135,,,0.025569,,3.044
service_sync_gap,fixed,14,op-2,execution,0.337644,0.357314,,,0.019469,,3.044
service_sync_gap,fixed,15,op-0,execution,3.414369,3.444915,,,0.030065,,1.762
service_sync_gap,fixed,15,op-1,execution,0.336197,0.360333,,,0.023766,,1.762
service_sync_gap,fixed,15,op-2,execution,0.299843,0.320163,,,0.019971,,1.762
service_sync_gap,fixed,16,op-0,execution,3.413608,3.447269,,,0.03318,,1.542
service_sync_gap,fixed,16,op-1,execution,0.340123,0.360624,,,0.02028,,1.542
service_sync_gap,fixed,16,op-2,execution,0.28554,0.303047,,,0.017376,,1.542
service_sync_gap,fixed,17,op-0,execution,3.274864,3.329907,,,0.0532,,1.862
service_sync_gap,fixed,17,op-1,execution,0.33459,0.360609,,,0.025549,,1.862
service_sync_gap,fixed,17,op-2,execution,0.264444,0.284424,,,0.01974,,1.862
service_sync_gap,fixed,18,op-0,execution,3.515986,3.552692,,,0.036455,,2.124
service_sync_gap,fixed,18,op-1,execution,0.347439,0.37524,,,0.027672,,2.124
service_sync_gap,fixed,18,op-2,execution,0.279727,0.303993,,,0.024077,,2.124
service_sync_gap,fixed,19,op-0,execution,3.139525,3.168418,,,0.028674,,1.604
service_sync_gap,fixed,19,op-1,execution,0.296728,0.315136,,,0.018238,,1.604
service_sync_gap,fixed,19,op-2,execution,0.2719,0.288345,,,0.016294,,1.604
submission_only,fixed,0,op-0,submission,3.321834,7.58339,-0.03318,0.02662,4.261907,0.0598,14.362
submission_only,fixed,1,op-0,submission,3.226181,7.438024,-0.017166,0.023335,4.211632,0.040501,4.206
submission_only,fixed,2,op-0,submission,4.540917,7.771513,-0.022394,0.024397,3.230486,0.046791,17.868
submission_only,fixed,3,op-0,submission,3.35538,7.636386,-0.015594,0.024797,4.280275,0.040391,2.104
submission_only,fixed,4,op-0,submission,3.281384,7.557633,-0.01962,0.024277,4.275238,0.043897,28.562
submission_only,fixed,5,op-0,submission,3.285169,7.508999,-0.017827,0.025759,4.223149,0.043586,5.126
submission_only,fixed,6,op-0,submission,3.248088,7.512579,-0.022754,0.024096,4.264391,0.04685,2.224
submission_only,fixed,7,op-0,submission,3.265705,7.547843,-0.021883,0.02635,4.282087,0.048233,19.79
submission_only,fixed,8,op-0,submission,3.294929,7.584197,-0.022975,0.02622,4.289459,0.049195,6.89
submission_only,fixed,9,op-0,submission,3.251293,7.494733,-0.018498,0.02652,4.243349,0.045018,2.224
submission_only,fixed,10,op-0,submission,3.256305,7.499194,-0.022394,0.024306,4.242948,0.0467,15.624
submission_only,fixed,11,op-0,submission,3.414764,7.650282,-0.02011,0.027582,4.234747,0.047692,2.424
submission_only,fixed,12,op-0,submission,3.315,7.564258,-0.01988,0.02655,4.248727,0.04643,27.302
submission_only,fixed,13,op-0,submission,3.288643,7.506244,-0.01939,0.023044,4.216599,0.042434,4.346
submission_only,fixed,14,op-0,submission,3.261384,7.55582,-0.018117,0.024026,4.294116,0.042143,17.546
submission_only,fixed,15,op-0,submission,3.274708,7.480711,-0.021202,0.023566,4.204992,0.044768,4.706
submission_only,fixed,16,op-0,submission,3.223015,7.438172,-0.018328,0.023305,4.215117,0.041633,4.608
submission_only,fixed,17,op-0,submission,3.367189,7.667725,-0.02665,0.033431,4.299926,0.060081,2.564
submission_only,fixed,18,op-0,submission,3.253897,7.496175,-0.019509,0.024347,4.242317,0.043856,2.164
submission_only,fixed,19,op-0,submission,3.259691,7.479355,-0.017917,0.027071,4.218522,0.044988,14.662
success,affected,0,op-0,execution,0.442867,2.79957,0.041242,0.194413,2.355762,0.153171,2.704
success,affected,1,op-0,execution,0.591376,5.882645,0.054292,0.266231,5.291259,0.211939,2.344
success,affected,2,op-0,execution,0.402287,10.747821,0.040711,0.172851,10.345062,0.13214,2.442
success,affected,3,op-0,execution,0.650115,2.964977,0.133711,0.359432,2.314962,0.225721,3.224
success,affected,4,op-0,execution,0.466008,11.243752,0.041292,0.19899,10.778135,0.157698,4.226
success,affected,5,op-0,execution,0.478125,10.837919,0.049995,0.2124,10.359353,0.162405,3.584
success,affected,6,op-0,execution,0.409658,2.71202,0.03984,0.17906,2.301621,0.13922,2.766
success,affected,7,op-0,execution,0.378501,6.806745,0.043145,0.191449,6.428445,0.148304,4.888
success,affected,8,op-0,execution,0.475873,10.804179,0.038308,0.177528,10.327734,0.13922,2.824
success,affected,9,op-0,execution,0.501608,2.756157,0.053361,0.224489,2.25463,0.171128,5.888
success,affected,10,op-0,execution,0.545708,5.852581,0.051398,0.293994,5.306933,0.242596,5.908
success,affected,11,op-0,execution,0.383152,11.772604,0.038257,0.200933,11.389952,0.162676,5.67
success,affected,12,op-0,execution,0.538512,2.836798,0.05986,0.272461,2.298326,0.212601,5.208
success,affected,13,op-0,execution,0.588738,6.059006,0.045759,0.215926,5.470489,0.170167,5.548
success,affected,14,op-0,execution,0.463895,10.830178,0.044227,0.220963,10.367184,0.176736,2.304
success,affected,15,op-0,execution,0.720351,3.128974,0.060651,0.349367,2.40759,0.288716,21.472
success,affected,16,op-0,execution,0.458186,5.753041,0.039259,0.180482,5.294444,0.141223,5.288
success,affected,17,op-0,execution,0.490363,10.884133,0.055533,0.220262,10.394491,0.164729,3.084
success,affected,18,op-0,execution,0.564882,2.949349,0.043115,0.211119,2.384527,0.168004,2.664
success,affected,19,op-0,execution,0.376488,5.618112,0.043516,0.174764,5.241615,0.131248,5.75
success,fixed,0,op-0,execution,0.398105,2.687327,0.37511,2.94169,2.289202,2.56658,2.804
success,fixed,1,op-0,execution,0.263121,5.56143,0.252125,5.812178,5.298679,5.560053,2.624
success,fixed,2,op-0,execution,0.356878,10.735902,0.334695,11.018328,10.379584,10.683633,2.184
success,fixed,3,op-0,execution,0.377455,2.769021,0.363534,2.983334,2.391777,2.6198,5.47
success,fixed,4,op-0,execution,0.20597,5.424551,0.197938,5.608548,5.219012,5.41061,5.868
success,fixed,5,op-0,execution,0.840577,11.179229,0.827548,11.399932,10.339362,10.572384,7.67
success,fixed,6,op-0,execution,0.204598,2.435753,0.196496,2.608323,2.231275,2.411827,4.046
success,fixed,7,op-0,execution,0.324495,5.647703,0.301651,5.945382,5.323238,5.643731,6.31
success,fixed,8,op-0,execution,3.412186,13.744919,3.3885,14.028206,10.333624,10.639706,2.584
success,fixed,9,op-0,execution,0.244279,2.49952,0.235225,2.720172,2.255361,2.484947,5.168
success,fixed,10,op-0,execution,0.214123,5.515569,0.20549,5.703802,5.301566,5.498312,6.892
success,fixed,11,op-0,execution,0.217353,10.509073,0.207968,10.696676,10.291981,10.488708,2.644
success,fixed,12,op-0,execution,0.461661,2.760738,0.450975,2.959778,2.299006,2.508803,2.084
success,fixed,13,op-0,execution,0.394093,5.679032,0.382906,5.903681,5.284999,5.520775,2.644
success,fixed,14,op-0,execution,0.290859,10.5834,0.279502,10.820227,10.292952,10.540725,5.008
success,fixed,15,op-0,execution,0.254063,2.470846,0.246221,2.651288,2.216833,2.405067,6.892
success,fixed,16,op-0,execution,0.345266,5.670401,0.320919,5.957214,5.325536,5.636295,38.458
success,fixed,17,op-0,execution,0.265901,10.531081,0.256637,10.745554,10.265841,10.488917,6.57
success,fixed,18,op-0,execution,0.238579,2.558969,0.229886,2.739992,2.320419,2.510106,3.146
success,fixed,19,op-0,execution,0.513835,5.823212,0.493163,6.058597,5.309247,5.565434,3.046
task_keyword,fixed,0,op-0,execution,0.079179,2.552048,,,2.472979,,1.984
task_keyword,fixed,1,op-0,execution,0.098419,5.517161,,,5.418762,,1.962
task_keyword,fixed,2,op-0,execution,0.081994,10.533091,,,10.451508,,7.69
task_keyword,fixed,3,op-0,execution,0.075194,4.066522,,,3.991318,,5.848
task_keyword,fixed,4,op-0,execution,0.067932,5.422357,,,5.354425,,50.436
task_keyword,fixed,5,op-0,execution,0.082936,10.672845,,,10.5904,,10.956
task_keyword,fixed,6,op-0,execution,0.119941,2.656777,,,2.537116,,2.264
task_keyword,fixed,7,op-0,execution,0.095404,5.680717,,,5.585283,,2.324
task_keyword,fixed,8,op-0,execution,0.076285,10.620466,,,10.544432,,2.724
task_keyword,fixed,9,op-0,execution,0.070005,2.486109,,,2.416104,,5.046
task_keyword,fixed,10,op-0,execution,0.082515,5.623738,,,5.541353,,5.048
task_keyword,fixed,11,op-0,execution,0.066731,10.501343,,,10.434632,,12.64
task_keyword,fixed,12,op-0,execution,0.067912,2.44699,,,2.379108,,5.348
task_keyword,fixed,13,op-0,execution,0.065028,5.456588,,,5.39155,,5.008
task_keyword,fixed,14,op-0,execution,0.067852,10.527085,,,10.459593,,8.492
task_keyword,fixed,15,op-0,execution,0.067742,2.436444,,,2.368732,,4.126
task_keyword,fixed,16,op-0,execution,0.065689,5.451261,,,5.385592,,2.284
task_keyword,fixed,17,op-0,execution,0.062975,10.455909,,,10.393055,,7.832
task_keyword,fixed,18,op-0,execution,0.07283,2.490736,,,2.418047,,2.604
task_keyword,fixed,19,op-0,execution,0.06624,5.45688,,,5.39078,,2.104
task_keyword,local-shape-fix,0,op-0,execution,0.182866,2.770318,0.169796,2.842166,2.587621,2.67237,3.766
task_keyword,local-shape-fix,1,op-0,execution,0.123346,5.614416,0.115104,5.6702,5.49113,5.555096,2.464
task_keyword,local-shape-fix,2,op-0,execution,0.107442,10.598542,0.09947,10.656289,10.491591,10.556819,2.424
task_keyword,local-shape-fix,3,op-0,execution,0.108223,2.584738,0.101353,2.626121,2.476494,2.524768,2.084
task_keyword,local-shape-fix,4,op-0,execution,0.111057,5.572404,0.103286,5.621908,5.461466,5.518622,2.744
task_keyword,local-shape-fix,5,op-0,execution,0.232761,10.719645,0.222185,10.778023,10.486815,10.555838,2.684
task_keyword,local-shape-fix,6,op-0,execution,0.104568,2.484527,0.097186,2.524747,2.379979,2.427561,2.584
task_keyword,local-shape-fix,7,op-0,execution,0.113491,5.585734,0.105659,5.637862,5.472352,5.532203,2.804
task_keyword,local-shape-fix,8,op-0,execution,0.154102,10.57657,0.146471,10.627317,10.422447,10.480846,3.524
task_keyword,local-shape-fix,9,op-0,execution,0.101092,2.516435,0.0927,2.55986,2.415473,2.46716,1.982
task_keyword,local-shape-fix,10,op-0,execution,0.116777,5.554797,0.109005,5.60289,5.438251,5.493885,2.604
task_keyword,local-shape-fix,11,op-0,execution,0.112049,10.677183,0.104308,10.744505,10.565484,10.640197,3.106
task_keyword,local-shape-fix,12,op-0,execution,0.107803,2.483235,0.100302,2.524227,2.375413,2.423925,12.88
task_keyword,local-shape-fix,13,op-0,execution,0.113301,5.615548,0.105379,5.665433,5.502237,5.560054,2.262
task_keyword,local-shape-fix,14,op-0,execution,0.101533,10.622909,0.093971,10.670761,10.521336,10.57679,19.97
task_keyword,local-shape-fix,15,op-0,execution,0.210828,2.602024,0.202415,2.675615,2.391256,2.4732,2.284
task_keyword,local-shape-fix,16,op-0,execution,0.110136,5.493324,0.102785,5.538252,5.383278,5.435467,2.124
task_keyword,local-shape-fix,17,op-0,execution,0.105038,10.517371,0.097867,10.565754,10.412563,10.467887,3.044
task_keyword,local-shape-fix,18,op-0,execution,0.108234,2.577698,0.100472,2.620112,2.469464,2.51964,3.424
task_keyword,local-shape-fix,19,op-0,execution,0.108844,5.493475,0.101503,5.534888,5.384741,5.433385,6.41
thread_context,fixed,0,op-0,context-only,0.251334,0.271905,,,0.020181,,16.446
thread_context,fixed,0,op-1,context-only,0.0562,0.064692,,,0.008383,,16.446
thread_context,fixed,0,op-2,context-only,0.028888,0.033305,,,0.004336,,16.446
thread_context,fixed,1,op-0,context-only,0.23911,0.280713,,,0.03975,,4.688
thread_context,fixed,1,op-1,context-only,0.078338,0.092049,,,0.01344,,4.688
thread_context,fixed,1,op-2,context-only,0.041722,0.049334,,,0.007341,,4.688
thread_context,fixed,2,op-0,context-only,0.323187,0.368205,,,0.043055,,30.948
thread_context,fixed,2,op-1,context-only,0.070286,0.096165,,,0.025639,,30.948
thread_context,fixed,2,op-2,context-only,0.048433,0.107332,,,0.058829,,30.948
thread_context,fixed,3,op-0,context-only,0.154032,0.174082,,,0.019589,,1.864
thread_context,fixed,3,op-1,context-only,0.054261,0.063956,,,0.009484,,1.864
thread_context,fixed,3,op-2,context-only,0.029965,0.034882,,,0.004797,,1.864
thread_context,fixed,4,op-0,context-only,0.101002,0.113321,,,0.012168,,3.986
thread_context,fixed,4,op-1,context-only,0.032369,0.038218,,,0.005869,,3.986
thread_context,fixed,4,op-2,context-only,0.021783,0.024808,,,0.003045,,3.986
thread_context,fixed,5,op-0,context-only,0.203646,0.222545,,,0.018658,,12.78
thread_context,fixed,5,op-1,context-only,0.051768,0.06016,,,0.008322,,12.78
thread_context,fixed,5,op-2,context-only,0.029424,0.03364,,,0.004126,,12.78
thread_context,fixed,6,op-0,context-only,0.170858,0.188624,,,0.017447,,2.124
thread_context,fixed,6,op-1,context-only,0.140703,0.151259,,,0.010416,,2.124
thread_context,fixed,6,op-2,context-only,0.035615,0.040472,,,0.004707,,2.124
thread_context,fixed,7,op-0,context-only,0.159401,0.176718,,,0.016946,,3.986
thread_context,fixed,7,op-1,context-only,0.0789,0.090287,,,0.011187,,3.986
thread_context,fixed,7,op-2,context-only,0.037748,0.043937,,,0.006029,,3.986
thread_context,fixed,8,op-0,context-only,0.156471,0.178064,,,0.021312,,5.608
thread_context,fixed,8,op-1,context-only,0.055068,0.066465,,,0.011156,,5.608
thread_context,fixed,8,op-2,context-only,0.040506,0.047266,,,0.00654,,5.608
thread_context,fixed,9,op-0,context-only,0.179601,0.217578,,,0.036695,,3.004
thread_context,fixed,9,op-1,context-only,0.109785,0.126631,,,0.016365,,3.004
thread_context,fixed,9,op-2,context-only,0.051918,0.06012,,,0.007942,,3.004
thread_context,fixed,10,op-0,context-only,0.138075,0.155171,,,0.016816,,14.202
thread_context,fixed,10,op-1,context-only,0.057232,0.068679,,,0.011317,,14.202
thread_context,fixed,10,op-2,context-only,0.030181,0.034878,,,0.004577,,14.202
thread_context,fixed,11,op-0,context-only,0.169415,0.188424,,,0.018778,,2.284
thread_context,fixed,11,op-1,context-only,0.054131,0.062854,,,0.008603,,2.284
thread_context,fixed,11,op-2,context-only,0.043095,0.048764,,,0.005498,,2.284
thread_context,fixed,12,op-0,context-only,0.24868,0.30188,,,0.051597,,2.664
thread_context,fixed,12,op-1,context-only,0.111844,0.125244,,,0.01314,,2.664
thread_context,fixed,12,op-2,context-only,0.040737,0.047958,,,0.006871,,2.664
thread_context,fixed,13,op-0,context-only,0.14231,0.159185,,,0.016605,,4.006
thread_context,fixed,13,op-1,context-only,0.050883,0.059105,,,0.008132,,4.006
thread_context,fixed,13,op-2,context-only,0.030401,0.034587,,,0.004166,,4.006
thread_context,fixed,14,op-0,context-only,0.355441,0.405136,,,0.048123,,5.288
thread_context,fixed,14,op-1,context-only,0.098414,0.117532,,,0.018749,,5.288
thread_context,fixed,14,op-2,context-only,0.070322,0.080587,,,0.009975,,5.288
thread_context,fixed,15,op-0,context-only,0.215065,0.253293,,,0.036475,,14.582
thread_context,fixed,15,op-1,context-only,0.06577,0.078579,,,0.012469,,14.582
thread_context,fixed,15,op-2,context-only,0.041383,0.048704,,,0.007081,,14.582
thread_context,fixed,16,op-0,context-only,3.693695,3.713375,,,0.019189,,13.5
thread_context,fixed,16,op-1,context-only,0.05703,0.064762,,,0.007611,,13.5
thread_context,fixed,16,op-2,context-only,0.037741,0.041878,,,0.004076,,13.5
thread_context,fixed,17,op-0,context-only,0.12648,0.160722,,,0.033911,,2.042
thread_context,fixed,17,op-1,context-only,0.051658,0.058799,,,0.007041,,2.042
thread_context,fixed,17,op-2,context-only,0.027551,0.031387,,,0.003755,,2.042
thread_context,fixed,18,op-0,context-only,0.170623,0.18862,,,0.017676,,4.206
thread_context,fixed,18,op-1,context-only,0.054157,0.063681,,,0.009294,,4.206
thread_context,fixed,18,op-2,context-only,0.028619,0.033186,,,0.004457,,4.206
thread_context,fixed,19,op-0,context-only,0.168499,0.188329,,,0.01938,,4.566
thread_context,fixed,19,op-1,context-only,0.053205,0.062299,,,0.008953,,4.566
thread_context,fixed,19,op-2,context-only,0.04619,0.054873,,,0.008392,,4.566
thread_recreate,fixed,0,op-0,context-only,0.262997,0.30523,,,0.040131,,2.504
thread_recreate,fixed,0,op-1,context-only,0.070477,0.083947,,,0.01321,,2.504
thread_recreate,fixed,0,op-2,context-only,0.125123,0.135118,,,0.009805,,2.504
thread_recreate,fixed,1,op-0,context-only,0.201129,0.238295,,,0.035073,,58.508
thread_recreate,fixed,1,op-1,context-only,0.063532,0.076491,,,0.012558,,58.508
thread_recreate,fixed,1,op-2,context-only,0.116265,0.126371,,,0.009685,,58.508
thread_recreate,fixed,2,op-0,context-only,0.280923,0.317398,,,0.035103,,6.288
thread_recreate,fixed,2,op-1,context-only,0.082354,0.094662,,,0.011958,,6.288
thread_recreate,fixed,2,op-2,context-only,3.534771,3.555231,,,0.01943,,6.288
thread_recreate,fixed,3,op-0,context-only,0.296903,0.31471,,,0.017496,,5.468
thread_recreate,fixed,3,op-1,context-only,0.053957,0.06287,,,0.008783,,5.468
thread_recreate,fixed,3,op-2,context-only,0.122841,0.1288,,,0.005799,,5.468
thread_recreate,fixed,4,op-0,context-only,0.314029,0.35446,,,0.038428,,2.704
thread_recreate,fixed,4,op-1,context-only,0.068008,0.081047,,,0.012689,,2.704
thread_recreate,fixed,4,op-2,context-only,0.229171,0.252666,,,0.022204,,2.704
thread_recreate,fixed,5,op-0,context-only,0.152019,0.168885,,,0.016555,,5.268
thread_recreate,fixed,5,op-1,context-only,0.115134,0.124238,,,0.008994,,5.268
thread_recreate,fixed,5,op-2,context-only,0.091528,0.098168,,,0.00647,,5.268
thread_recreate,fixed,6,op-0,context-only,0.154773,0.171187,,,0.016035,,2.584
thread_recreate,fixed,6,op-1,context-only,0.051728,0.05952,,,0.007642,,2.584
thread_recreate,fixed,6,op-2,context-only,0.138669,0.14635,,,0.007461,,2.584
thread_recreate,fixed,7,op-0,context-only,0.133702,0.149676,,,0.015744,,2.544
thread_recreate,fixed,7,op-1,context-only,0.050006,0.058249,,,0.008112,,2.544
thread_recreate,fixed,7,op-2,context-only,0.197853,0.219987,,,0.020871,,2.544
thread_recreate,fixed,8,op-0,context-only,0.214368,0.233887,,,0.01928,,4.628
thread_recreate,fixed,8,op-1,context-only,0.073616,0.084402,,,0.010637,,4.628
thread_recreate,fixed,8,op-2,context-only,0.092996,0.100587,,,0.007451,,4.628
thread_recreate,fixed,9,op-0,context-only,0.224264,0.259297,,,0.033661,,3.004
thread_recreate,fixed,9,op-1,context-only,0.059665,0.180217,,,0.120161,,3.004
thread_recreate,fixed,9,op-2,context-only,0.144017,0.156216,,,0.011948,,3.004
thread_recreate,fixed,10,op-0,context-only,0.157096,0.174903,,,0.017507,,5.088
thread_recreate,fixed,10,op-1,context-only,0.085429,0.094122,,,0.008583,,5.088
thread_recreate,fixed,10,op-2,context-only,0.088549,0.094839,,,0.006179,,5.088
thread_recreate,fixed,11,op-0,context-only,0.252221,0.29156,,,0.037627,,3.044
thread_recreate,fixed,11,op-1,context-only,0.069175,0.083466,,,0.014031,,3.044
thread_recreate,fixed,11,op-2,context-only,0.11575,0.127027,,,0.010787,,3.044
thread_recreate,fixed,12,op-0,context-only,3.710225,3.737867,,,0.027341,,3.224
thread_recreate,fixed,12,op-1,context-only,0.070837,0.07942,,,0.008502,,3.224
thread_recreate,fixed,12,op-2,context-only,3.512867,3.523113,,,0.010095,,3.224
thread_recreate,fixed,13,op-0,context-only,0.146366,0.162881,,,0.016315,,5.028
thread_recreate,fixed,13,op-1,context-only,0.048038,0.056151,,,0.007992,,5.028
thread_recreate,fixed,13,op-2,context-only,0.226847,0.250062,,,0.021702,,5.028
thread_recreate,fixed,14,op-0,context-only,0.138168,0.154672,,,0.016145,,2.264
thread_recreate,fixed,14,op-1,context-only,0.065748,0.074311,,,0.008442,,2.264
thread_recreate,fixed,14,op-2,context-only,0.102414,0.109895,,,0.007241,,2.264
thread_recreate,fixed,15,op-0,context-only,0.186426,0.225014,,,0.037237,,6.75
thread_recreate,fixed,15,op-1,context-only,5.277694,5.29456,,,0.016385,,6.75
thread_recreate,fixed,15,op-2,context-only,3.844999,3.868505,,,0.022514,,6.75
thread_recreate,fixed,16,op-0,context-only,0.117818,0.13262,,,0.014692,,2.604
thread_recreate,fixed,16,op-1,context-only,0.036344,0.043165,,,0.006831,,2.604
thread_recreate,fixed,16,op-2,context-only,0.930889,0.938591,,,0.007471,,2.604
thread_recreate,fixed,17,op-0,context-only,0.259722,0.303649,,,0.041823,,52.498
thread_recreate,fixed,17,op-1,context-only,0.095124,0.108113,,,0.012729,,52.498
thread_recreate,fixed,17,op-2,context-only,0.203352,0.225996,,,0.021753,,52.498
thread_recreate,fixed,18,op-0,context-only,0.242041,0.288431,,,0.044457,,15.724
thread_recreate,fixed,18,op-1,context-only,0.066155,0.083391,,,0.017016,,15.724
thread_recreate,fixed,18,op-2,context-only,0.205329,0.228684,,,0.022334,,15.724
thread_recreate,fixed,19,op-0,context-only,0.285625,0.303322,,,0.017356,,6.41
thread_recreate,fixed,19,op-1,context-only,0.052513,0.060816,,,0.008152,,6.41
thread_recreate,fixed,19,op-2,context-only,0.096786,0.104818,,,0.007902,,6.41
thread_uninstrument_live,fixed,0,op-0,context-only,0.200202,0.239942,,,0.038108,,4.506
thread_uninstrument_live,fixed,0,op-1,context-only,0.069395,0.082464,,,0.012939,,4.506
thread_uninstrument_live,fixed,0,op-2,context-only,0.037306,0.045478,,,0.007932,,4.506
thread_uninstrument_live,fixed,1,op-0,context-only,0.185966,0.205055,,,0.018829,,2.644
thread_uninstrument_live,fixed,1,op-1,context-only,0.055028,0.064402,,,0.009154,,2.644
thread_uninstrument_live,fixed,1,op-2,context-only,0.030651,0.036911,,,0.006149,,2.644
thread_uninstrument_live,fixed,2,op-0,context-only,0.155985,0.172881,,,0.016665,,5.248
thread_uninstrument_live,fixed,2,op-1,context-only,0.052339,0.064708,,,0.012028,,5.248
thread_uninstrument_live,fixed,2,op-2,context-only,0.028163,0.034442,,,0.006179,,5.248
thread_uninstrument_live,fixed,3,op-0,context-only,0.224144,0.241259,,,0.016646,,1.962
thread_uninstrument_live,fixed,3,op-1,context-only,0.065595,0.074789,,,0.009094,,1.962
thread_uninstrument_live,fixed,3,op-2,context-only,0.039415,0.046025,,,0.00658,,1.962
thread_uninstrument_live,fixed,4,op-0,context-only,0.214344,0.254334,,,0.038097,,6.41
thread_uninstrument_live,fixed,4,op-1,context-only,0.061713,0.076255,,,0.014122,,6.41
thread_uninstrument_live,fixed,4,op-2,context-only,0.038619,0.047372,,,0.008453,,6.41
thread_uninstrument_live,fixed,5,op-0,context-only,0.245606,0.265816,,,0.01995,,2.424
thread_uninstrument_live,fixed,5,op-1,context-only,0.053056,0.061589,,,0.008413,,2.424
thread_uninstrument_live,fixed,5,op-2,context-only,0.113917,0.121158,,,0.00706,,2.424
thread_uninstrument_live,fixed,6,op-0,context-only,0.288415,0.31176,,,0.022575,,5.788
thread_uninstrument_live,fixed,6,op-1,context-only,0.058718,0.068002,,,0.009154,,5.788
thread_uninstrument_live,fixed,6,op-2,context-only,0.126341,0.13232,,,0.005929,,5.788
thread_uninstrument_live,fixed,7,op-0,context-only,0.228169,0.271074,,,0.041683,,57.086
thread_uninstrument_live,fixed,7,op-1,context-only,0.053616,0.066616,,,0.012779,,57.086
thread_uninstrument_live,fixed,7,op-2,context-only,0.041447,0.051112,,,0.009424,,57.086
thread_uninstrument_live,fixed,8,op-0,context-only,0.179175,0.198955,,,0.019469,,2.604
thread_uninstrument_live,fixed,8,op-1,context-only,0.055389,0.063742,,,0.008213,,2.604
thread_uninstrument_live,fixed,8,op-2,context-only,0.028087,0.033105,,,0.004958,,2.604
thread_uninstrument_live,fixed,9,op-0,context-only,0.143687,0.159531,,,0.015383,,3.526
thread_uninstrument_live,fixed,9,op-1,context-only,0.048993,0.057566,,,0.008432,,3.526
thread_uninstrument_live,fixed,9,op-2,context-only,0.026941,0.032409,,,0.005398,,3.526
thread_uninstrument_live,fixed,10,op-0,context-only,0.179708,0.199358,,,0.019439,,103.958
thread_uninstrument_live,fixed,10,op-1,context-only,0.067578,0.076441,,,0.008683,,103.958
thread_uninstrument_live,fixed,10,op-2,context-only,0.040987,0.04927,,,0.008102,,103.958
thread_uninstrument_live,fixed,11,op-0,context-only,0.225795,0.298295,,,0.070366,,5.228
thread_uninstrument_live,fixed,11,op-1,context-only,0.062309,0.078303,,,0.015733,,5.228
thread_uninstrument_live,fixed,11,op-2,context-only,0.048609,0.058894,,,0.009925,,5.228
thread_uninstrument_live,fixed,12,op-0,context-only,0.165045,0.182911,,,0.017607,,4.268
thread_uninstrument_live,fixed,12,op-1,context-only,0.052926,0.061609,,,0.008553,,4.268
thread_uninstrument_live,fixed,12,op-2,context-only,0.026616,0.031994,,,0.005318,,4.268
thread_uninstrument_live,fixed,13,op-0,context-only,0.292506,0.333388,,,0.039199,,5.328
thread_uninstrument_live,fixed,13,op-1,context-only,0.064883,0.077843,,,0.01275,,5.328
thread_uninstrument_live,fixed,13,op-2,context-only,0.039205,0.048219,,,0.008673,,5.328
thread_uninstrument_live,fixed,14,op-0,context-only,0.286717,0.330053,,,0.041703,,30.366
thread_uninstrument_live,fixed,14,op-1,context-only,0.103661,0.117152,,,0.01339,,30.366
thread_uninstrument_live,fixed,14,op-2,context-only,0.046134,0.054367,,,0.007962,,30.366
thread_uninstrument_live,fixed,15,op-0,context-only,0.256697,0.295475,,,0.037307,,17.046
thread_uninstrument_live,fixed,15,op-1,context-only,0.079089,0.091969,,,0.012799,,17.046
thread_uninstrument_live,fixed,15,op-2,context-only,0.038138,0.04633,,,0.007962,,17.046
thread_uninstrument_live,fixed,16,op-0,context-only,0.132946,0.149581,,,0.016385,,4.446
thread_uninstrument_live,fixed,16,op-1,context-only,0.046665,0.054818,,,0.008042,,4.446
thread_uninstrument_live,fixed,16,op-2,context-only,0.025965,0.030802,,,0.004707,,4.446
thread_uninstrument_live,fixed,17,op-0,context-only,0.19938,0.238859,,,0.038528,,4.286
thread_uninstrument_live,fixed,17,op-1,context-only,0.052609,0.065299,,,0.012429,,4.286
thread_uninstrument_live,fixed,17,op-2,context-only,0.037736,0.04683,,,0.008853,,4.286
thread_uninstrument_live,fixed,18,op-0,context-only,0.172806,0.190934,,,0.017917,,2.244
thread_uninstrument_live,fixed,18,op-1,context-only,0.050782,0.059124,,,0.008232,,2.244
thread_uninstrument_live,fixed,18,op-2,context-only,0.027176,0.032254,,,0.005008,,2.244
thread_uninstrument_live,fixed,19,op-0,context-only,0.352862,0.398621,,,0.043856,,6.008
thread_uninstrument_live,fixed,19,op-1,context-only,0.075805,0.089806,,,0.013641,,6.008
thread_uninstrument_live,fixed,19,op-2,context-only,0.040541,0.048974,,,0.008072,,6.008
unknown_intent,fixed,0,op-0,unknown,3.324842,7.635021,-0.02642,7.825079,4.310069,7.851499,9.634
unknown_intent,fixed,1,op-0,unknown,3.211993,7.449393,-0.018628,7.560821,4.237379,7.579449,4.686
unknown_intent,fixed,2,op-0,unknown,3.219735,7.543916,-0.022053,7.704198,4.322748,7.726251,5.728
unknown_intent,fixed,3,op-0,unknown,3.256035,7.514367,-0.021473,7.631699,4.258272,7.653172,16.204
unknown_intent,fixed,4,op-0,unknown,3.261389,7.528094,-0.024987,7.659497,4.266765,7.684484,16.544
unknown_intent,fixed,5,op-0,unknown,3.378775,7.491618,-0.020831,7.651419,4.112582,7.67225,5.048
unknown_intent,fixed,6,op-0,unknown,3.2126,7.435018,-0.018358,7.553181,4.222177,7.571539,14.142
unknown_intent,fixed,7,op-0,unknown,3.241819,7.463886,-0.020051,7.619461,4.221346,7.639512,5.71
unknown_intent,fixed,8,op-0,unknown,3.22585,7.459425,-0.021692,7.577638,4.233464,7.59933,1.962
unknown_intent,fixed,9,op-0,unknown,3.206611,7.419364,-0.017156,7.529425,4.212603,7.546581,13.2
unknown_intent,fixed,10,op-0,unknown,3.238414,7.468143,-0.017947,7.653632,4.229068,7.671579,7.032
unknown_intent,fixed,11,op-0,unknown,3.265745,7.497997,-0.021773,7.669867,4.232233,7.69164,6.45
unknown_intent,fixed,12,op-0,unknown,3.251993,7.497686,-0.023065,7.690547,4.244501,7.713612,4.768
unknown_intent,fixed,13,op-0,unknown,3.32198,7.555804,-0.022504,7.737828,4.232292,7.760332,5.69
unknown_intent,fixed,14,op-0,unknown,3.219049,7.442018,-0.01984,7.558578,4.222938,7.578418,2.002
unknown_intent,fixed,15,op-0,unknown,3.300047,7.610687,-0.026841,7.757548,4.310531,7.784389,16.184
unknown_intent,fixed,16,op-0,unknown,3.232585,7.478918,-0.018979,7.630116,4.245522,7.649095,5.448
unknown_intent,fixed,17,op-0,unknown,3.2554,7.493051,-0.018869,7.620202,4.237902,7.639071,2.564
unknown_intent,fixed,18,op-0,unknown,3.259571,7.478142,-0.018598,7.709647,4.21775,7.728245,2.364
unknown_intent,fixed,19,op-0,unknown,3.250702,7.455493,-0.017957,7.602835,4.20422,7.620792,1.764
